pair	surface	rows	embedding_dtype	prompt_name	vendi_mean	vendi_ci95_low	vendi_ci95_high	cov_effective_rank	cov_participation_ratio	cov_top1_mass
cc12m_llavanext_paired	ours_cc12m	50000	float16	document	66.730734	66.344016	67.117451	269.042328	114.804779	0.038855
cc12m_llavanext_paired	ref_cc12m_llavanext	50000	float16	document	90.160599	89.761849	90.559350	286.025848	128.689178	0.034805
cc12m_pixelprose_paired	ours_cc12m	50000	float16	document	66.854479	66.612076	67.096883	269.228516	114.667992	0.038886
cc12m_pixelprose_paired	ref_pixelprose_cc12m	50000	float16	document	73.743682	73.474369	74.012994	288.698914	133.247513	0.034999
cc12m_qwen3vl8b_paired	ours_cc12m	50000	float16	document	51.634607	51.382710	51.886504	222.048950	86.420158	0.053513
cc12m_qwen3vl8b_paired	ref_cc12m_qwen3vl8b	50000	float16	document	57.110133	56.827009	57.393256	224.160461	97.461685	0.049385
danbooru2023_florence2_paired	ours_danbooru2023	50000	float16	document	42.259565	42.084842	42.434288	254.459122	112.713936	0.043924
danbooru2023_florence2_paired	ref_danbooru_florence2	50000	float16	document	20.049109	19.936497	20.161720	104.725281	35.695206	0.112505
datacomp_recap_llava15_paired_url	ours_datacomp_forward	50000	float16	document	72.805853	72.408727	73.202979	296.891449	133.234192	0.038364
datacomp_recap_llava15_paired_url	ref_datacomp_recap_llava15_llama3_8b	50000	float16	document	85.648504	85.155492	86.141515	285.083344	134.498077	0.035212
laion_pop_llama32_paired	ours_laion_pop	50000	float16	document	47.474582	47.306776	47.642389	218.463516	86.139473	0.055081
laion_pop_llama32_paired	ref_laion_pop_llama32_11b	50000	float16	document	63.807505	63.641141	63.973870	241.209625	98.723854	0.048184
pd12m_full_paired	ours_pd12m_img2dataset	50000	float16	document	51.291509	51.119027	51.463991	211.494385	72.748283	0.069870
pd12m_full_paired	ref_pd12m_full	50000	float16	document	37.793293	37.634008	37.952577	169.747513	65.356003	0.062775
