protocol	surface	prompt_rows	caption_rows	k	coverage	density	nn_cosine_mean	nn_distance_p95
Qwen3-Embedding-4B raw/raw	ours	50000	50000	10	0.743340	0.217620	0.612567	0.486328
Qwen3-Embedding-4B raw/raw	ref	50000	50000	10	0.357440	0.066158	0.645199	0.470703
Qwen3-Embedding-4B query/doc	ours	50000	50000	10	0.073000	0.009394	0.576199	0.512695
Qwen3-Embedding-4B query/doc	ref	50000	50000	10	0.042580	0.005826	0.576807	0.513428
E5-Mistral raw/raw	ours	50000	50000	10	0.646880	0.342428	0.548939	0.560791
E5-Mistral raw/raw	ref	50000	50000	10	0.642880	0.212208	0.484740	0.656006
E5-Mistral query/doc	ours	50000	50000	10	0.683460	0.404578	0.538034	0.564697
E5-Mistral query/doc	ref	50000	50000	10	0.687620	0.211892	0.489601	0.649170
BGE-M3 raw/corpus	ours	50000	50000	10	0.016920	0.001766	0.605106	0.486328
BGE-M3 raw/corpus	ref	50000	50000	10	0.049960	0.007236	0.609474	0.484375
BGE-M3 query/corpus	ours	50000	50000	10	0.006940	0.000696	0.591577	0.461914
BGE-M3 query/corpus	ref	50000	50000	10	0.013180	0.001358	0.593677	0.456055
