prompt_pool	comparison	local_surface	reference_surface	metric	blocks	block_size	records	delta_mean_local_minus_reference	ci95_low	ci95_high	stable_direction	local_block_mean	reference_block_mean
civitai_flux_prompts_aconexx	cc12m_llavanext_paired	ours_cc12m	ref_cc12m_llavanext	jsd	50	5000	250000	-0.018208387152270557	-0.01848007203944279	-0.01794471921433558	local_lower	0.3002105295214259	0.31841891667369654
civitai_flux_prompts_aconexx	cc12m_llavanext_paired	ours_cc12m	ref_cc12m_llavanext	prompt_mass_on_caption_support	50	5000	250000	0.0848510742771469	0.08425198681885632	0.08543579366738253	local_higher	0.655644606135458	0.570793531858311
flux_improved_k_mktr	cc12m_llavanext_paired	ours_cc12m	ref_cc12m_llavanext	jsd	50	5000	250000	-0.022029525201321162	-0.0224164802206386	-0.02164340448136534	local_lower	0.4230648171694819	0.4450943423708032
flux_improved_k_mktr	cc12m_llavanext_paired	ours_cc12m	ref_cc12m_llavanext	prompt_mass_on_caption_support	50	5000	250000	0.06872572211775593	0.06721862344905973	0.07026916018676861	local_higher	0.6118977667332899	0.5431720446155339
flux_prompts_chrisgoringe	cc12m_llavanext_paired	ours_cc12m	ref_cc12m_llavanext	jsd	50	5000	250000	-0.0021810893096511088	-0.0024258052040198688	-0.0019272697471127958	local_lower	0.3342977754313914	0.3364788647410425
flux_prompts_chrisgoringe	cc12m_llavanext_paired	ours_cc12m	ref_cc12m_llavanext	prompt_mass_on_caption_support	50	5000	250000	0.07993047409554442	0.07926442808866876	0.08055950228640726	local_higher	0.6341777908862677	0.5542473167907233
flux_prompts_regpeter	cc12m_llavanext_paired	ours_cc12m	ref_cc12m_llavanext	jsd	50	5000	250000	0.08843265213127316	0.08804325516445907	0.08883279303716388	reference_lower	0.5381295130719568	0.4496968609406837
flux_prompts_regpeter	cc12m_llavanext_paired	ours_cc12m	ref_cc12m_llavanext	prompt_mass_on_caption_support	50	5000	250000	-0.08920479746532545	-0.09344332805293627	-0.08536453345386288	reference_higher	0.7928030172735467	0.882007814738872
pickapic_rankings	cc12m_llavanext_paired	ours_cc12m	ref_cc12m_llavanext	jsd	50	5000	250000	0.01490705692256144	0.014732889281252923	0.015096091088947794	reference_lower	0.5215694834898005	0.5066624265672391
pickapic_rankings	cc12m_llavanext_paired	ours_cc12m	ref_cc12m_llavanext	prompt_mass_on_caption_support	50	5000	250000	0.08366806699775425	0.081104004583009	0.08622015931047591	local_higher	0.5252319275460245	0.4415638605482704
sd_prompts_2m_andyyang	cc12m_llavanext_paired	ours_cc12m	ref_cc12m_llavanext	jsd	50	5000	250000	-0.027854859501964382	-0.028060512008020316	-0.02765953908146942	local_lower	0.40040409916531255	0.4282589586672769
sd_prompts_2m_andyyang	cc12m_llavanext_paired	ours_cc12m	ref_cc12m_llavanext	prompt_mass_on_caption_support	50	5000	250000	0.09417546842584872	0.09125136743259213	0.09699685571082424	local_higher	0.5008614320309472	0.40668596360509845
sd_prompts_dedup_xzuyn	cc12m_llavanext_paired	ours_cc12m	ref_cc12m_llavanext	jsd	50	5000	250000	-0.02866380093378193	-0.028872376138550624	-0.028472814077375053	local_lower	0.39733682323757485	0.42600062417135676
sd_prompts_dedup_xzuyn	cc12m_llavanext_paired	ours_cc12m	ref_cc12m_llavanext	prompt_mass_on_caption_support	50	5000	250000	0.09454648159512923	0.09193010571841752	0.09722174272078672	local_higher	0.5005335802169331	0.4059870986218039
sdxl_refiner_prompts_falah	cc12m_llavanext_paired	ours_cc12m	ref_cc12m_llavanext	jsd	50	5000	250000	0.006088972707235447	0.006015559327418445	0.006159286878674696	reference_lower	0.6781247220690015	0.6720357493617661
sdxl_refiner_prompts_falah	cc12m_llavanext_paired	ours_cc12m	ref_cc12m_llavanext	prompt_mass_on_caption_support	50	5000	250000	0.05212070874863562	0.038786960132914355	0.06636918604652714	local_higher	0.49359357696562856	0.44147286821699305
civitai_flux_prompts_aconexx	cc12m_pixelprose_paired	ours_cc12m	ref_pixelprose_cc12m	jsd	50	5000	250000	-0.060762092814312905	-0.06106500198477264	-0.06043877146634978	local_lower	0.30017032586214304	0.36093241867645587
civitai_flux_prompts_aconexx	cc12m_pixelprose_paired	ours_cc12m	ref_pixelprose_cc12m	prompt_mass_on_caption_support	50	5000	250000	0.13584098434617814	0.13496644049746528	0.1367542936809184	local_higher	0.6556959405921977	0.5198549562460195
flux_improved_k_mktr	cc12m_pixelprose_paired	ours_cc12m	ref_pixelprose_cc12m	jsd	50	5000	250000	-0.08064024635852912	-0.0809771882454597	-0.08031485843659698	local_lower	0.42313905965159676	0.5037793060101259
flux_improved_k_mktr	cc12m_pixelprose_paired	ours_cc12m	ref_pixelprose_cc12m	prompt_mass_on_caption_support	50	5000	250000	0.17311848900032195	0.17108913384425722	0.17528859648467526	local_higher	0.6125930196113134	0.4394745306109914
flux_prompts_chrisgoringe	cc12m_pixelprose_paired	ours_cc12m	ref_pixelprose_cc12m	jsd	50	5000	250000	-0.03793264301421423	-0.03825764292139244	-0.03764718999403869	local_lower	0.3342383626559887	0.3721710056702029
flux_prompts_chrisgoringe	cc12m_pixelprose_paired	ours_cc12m	ref_pixelprose_cc12m	prompt_mass_on_caption_support	50	5000	250000	0.12022186148405246	0.11943589229789774	0.12103575135483928	local_higher	0.6344080279002562	0.5141861664162037
flux_prompts_regpeter	cc12m_pixelprose_paired	ours_cc12m	ref_pixelprose_cc12m	jsd	50	5000	250000	0.10378584395196862	0.10335075071131879	0.10423450648085883	reference_lower	0.5382703970069701	0.43448455305500144
flux_prompts_regpeter	cc12m_pixelprose_paired	ours_cc12m	ref_pixelprose_cc12m	prompt_mass_on_caption_support	50	5000	250000	-0.07124616429040168	-0.07488877272367901	-0.06780622765315622	reference_higher	0.7920973976009218	0.8633435618913236
pickapic_rankings	cc12m_pixelprose_paired	ours_cc12m	ref_pixelprose_cc12m	jsd	50	5000	250000	0.01350072491938867	0.013282907469785197	0.013720389701042295	reference_lower	0.5216404127227249	0.5081396878033363
pickapic_rankings	cc12m_pixelprose_paired	ours_cc12m	ref_pixelprose_cc12m	prompt_mass_on_caption_support	50	5000	250000	0.08696535544778367	0.08381711495458607	0.09011167548705554	local_higher	0.5247651263020963	0.43779977085431254
sd_prompts_2m_andyyang	cc12m_pixelprose_paired	ours_cc12m	ref_pixelprose_cc12m	jsd	50	5000	250000	-0.03866639495250066	-0.03889763479255836	-0.03843745751973159	local_lower	0.4003757003211762	0.4390420952736769
sd_prompts_2m_andyyang	cc12m_pixelprose_paired	ours_cc12m	ref_pixelprose_cc12m	prompt_mass_on_caption_support	50	5000	250000	0.10700314655614779	0.10452529780595823	0.10960681910350255	local_higher	0.5013247865971975	0.3943216400410497
sd_prompts_dedup_xzuyn	cc12m_pixelprose_paired	ours_cc12m	ref_pixelprose_cc12m	jsd	50	5000	250000	-0.039911223673858784	-0.04012716901256553	-0.03967885949954713	local_lower	0.397294492646162	0.43720571632002087
sd_prompts_dedup_xzuyn	cc12m_pixelprose_paired	ours_cc12m	ref_pixelprose_cc12m	prompt_mass_on_caption_support	50	5000	250000	0.1075842438465349	0.10511938384517966	0.10994643176607743	local_higher	0.5010253653477211	0.3934411215011862
sdxl_refiner_prompts_falah	cc12m_pixelprose_paired	ours_cc12m	ref_pixelprose_cc12m	jsd	50	5000	250000	0.007300524580532524	0.0072193629572644205	0.007391863351407132	reference_lower	0.6781352182688611	0.6708346936883285
sdxl_refiner_prompts_falah	cc12m_pixelprose_paired	ours_cc12m	ref_pixelprose_cc12m	prompt_mass_on_caption_support	50	5000	250000	0.13203765227021075	0.12036461794020319	0.1443055094130641	local_higher	0.49263012181612736	0.36059246954591656
civitai_flux_prompts_aconexx	cc12m_qwen3vl8b_paired	ours_cc12m	ref_cc12m_qwen3vl8b	jsd	23	5000	114621	-0.19848416289301998	-0.19894421701484502	-0.19805369257023253	local_lower	0.29995114352924884	0.49843530642226874
civitai_flux_prompts_aconexx	cc12m_qwen3vl8b_paired	ours_cc12m	ref_cc12m_qwen3vl8b	prompt_mass_on_caption_support	23	5000	114621	0.3933462198576731	0.3916507601013301	0.39496484081841987	local_higher	0.6478520037176334	0.2545057838599604
flux_improved_k_mktr	cc12m_qwen3vl8b_paired	ours_cc12m	ref_cc12m_qwen3vl8b	jsd	23	5000	114621	-0.1486391642987502	-0.14902905997704086	-0.14821801313380806	local_lower	0.4154637279774285	0.5641028922761787
flux_improved_k_mktr	cc12m_qwen3vl8b_paired	ours_cc12m	ref_cc12m_qwen3vl8b	prompt_mass_on_caption_support	23	5000	114621	0.40846633823171374	0.405675226707464	0.41129480195591994	local_higher	0.6139200527866125	0.20545371455489875
flux_prompts_chrisgoringe	cc12m_qwen3vl8b_paired	ours_cc12m	ref_cc12m_qwen3vl8b	jsd	23	5000	114621	-0.16661314236290448	-0.1670558283939669	-0.16614152766999107	local_lower	0.33541498581500007	0.5020281281779044
flux_prompts_chrisgoringe	cc12m_qwen3vl8b_paired	ours_cc12m	ref_cc12m_qwen3vl8b	prompt_mass_on_caption_support	23	5000	114621	0.3684822034182208	0.3668705869027654	0.3699287786281977	local_higher	0.6227916220813549	0.25430941866313406
flux_prompts_regpeter	cc12m_qwen3vl8b_paired	ours_cc12m	ref_cc12m_qwen3vl8b	jsd	23	5000	114621	-0.03943787468898452	-0.03994984262558388	-0.03896919386759845	local_lower	0.5422476526553394	0.581685527344324
flux_prompts_regpeter	cc12m_qwen3vl8b_paired	ours_cc12m	ref_cc12m_qwen3vl8b	prompt_mass_on_caption_support	23	5000	114621	0.36830655502744675	0.35979315603561657	0.37689141093621337	local_higher	0.7725529088812649	0.4042463538538183
pickapic_rankings	cc12m_qwen3vl8b_paired	ours_cc12m	ref_cc12m_qwen3vl8b	jsd	23	5000	114621	-0.026047732418922973	-0.02646989907146937	-0.025654416788195973	local_lower	0.5244210819058296	0.5504688143247526
pickapic_rankings	cc12m_qwen3vl8b_paired	ours_cc12m	ref_cc12m_qwen3vl8b	prompt_mass_on_caption_support	23	5000	114621	0.2753469792464337	0.271517718417204	0.2792745044084978	local_higher	0.5079885285133711	0.23264154926693728
sd_prompts_2m_andyyang	cc12m_qwen3vl8b_paired	ours_cc12m	ref_cc12m_qwen3vl8b	jsd	23	5000	114621	-0.1110774202577851	-0.11151965688734726	-0.11065938295554956	local_lower	0.40679873798701116	0.5178761582447962
sd_prompts_2m_andyyang	cc12m_qwen3vl8b_paired	ours_cc12m	ref_cc12m_qwen3vl8b	prompt_mass_on_caption_support	23	5000	114621	0.28679731497071087	0.28405945612628275	0.28948158551226266	local_higher	0.48574439258747737	0.1989470776167666
sd_prompts_dedup_xzuyn	cc12m_qwen3vl8b_paired	ours_cc12m	ref_cc12m_qwen3vl8b	jsd	23	5000	114621	-0.11332723025930068	-0.1137698826779146	-0.11291361705632516	local_lower	0.403752705859968	0.5170799361192686
sd_prompts_dedup_xzuyn	cc12m_qwen3vl8b_paired	ours_cc12m	ref_cc12m_qwen3vl8b	prompt_mass_on_caption_support	23	5000	114621	0.2865862701817732	0.28403741551606443	0.28914762490229706	local_higher	0.48527392716782397	0.19868765698605093
sdxl_refiner_prompts_falah	cc12m_qwen3vl8b_paired	ours_cc12m	ref_cc12m_qwen3vl8b	jsd	23	5000	114621	-0.0047687822058918835	-0.004974294415417018	-0.0045597096932785235	local_lower	0.6773730787867486	0.6821418609926401
sdxl_refiner_prompts_falah	cc12m_qwen3vl8b_paired	ours_cc12m	ref_cc12m_qwen3vl8b	prompt_mass_on_caption_support	23	5000	114621	0.31175068611871914	0.2970758702874366	0.32693106312290365	local_higher	0.4619023544705685	0.15015166835184932
civitai_flux_prompts_aconexx	danbooru2023_florence2_paired	ours_danbooru2023	ref_danbooru_florence2	jsd	50	5000	250000	-0.12769748769013556	-0.12830706591446026	-0.1270752664015178	local_lower	0.3566589795423812	0.48435646723251674
civitai_flux_prompts_aconexx	danbooru2023_florence2_paired	ours_danbooru2023	ref_danbooru_florence2	prompt_mass_on_caption_support	50	5000	250000	0.2782938467203838	0.27723588182868864	0.2793192716246096	local_higher	0.5639140450753488	0.2856201983549651
flux_improved_k_mktr	danbooru2023_florence2_paired	ours_danbooru2023	ref_danbooru_florence2	jsd	50	5000	250000	-0.10343932911773555	-0.10388868055522389	-0.10299828346166168	local_lower	0.4779036496763158	0.5813429787940514
flux_improved_k_mktr	danbooru2023_florence2_paired	ours_danbooru2023	ref_danbooru_florence2	prompt_mass_on_caption_support	50	5000	250000	0.30737708078364195	0.30552371260060285	0.30922056026932876	local_higher	0.5157564948309574	0.20837941404731544
flux_prompts_chrisgoringe	danbooru2023_florence2_paired	ours_danbooru2023	ref_danbooru_florence2	jsd	50	5000	250000	-0.1014883102777861	-0.10200498948660451	-0.10095011753684392	local_lower	0.3853273764907608	0.48681568676854703
flux_prompts_chrisgoringe	danbooru2023_florence2_paired	ours_danbooru2023	ref_danbooru_florence2	prompt_mass_on_caption_support	50	5000	250000	0.2585320758030182	0.2574867015946971	0.2596227724354693	local_higher	0.5384059024969544	0.2798738266939362
flux_prompts_regpeter	danbooru2023_florence2_paired	ours_danbooru2023	ref_danbooru_florence2	jsd	50	5000	250000	0.08813546702184281	0.08771432608049397	0.08854813473160662	reference_lower	0.5788777163183313	0.4907422492964884
flux_prompts_regpeter	danbooru2023_florence2_paired	ours_danbooru2023	ref_danbooru_florence2	prompt_mass_on_caption_support	50	5000	250000	0.049662578260665724	0.04351393678824001	0.055635167835980395	local_higher	0.634819521761785	0.5851569435011192
pickapic_rankings	danbooru2023_florence2_paired	ours_danbooru2023	ref_danbooru_florence2	jsd	50	5000	250000	-0.01787130643288992	-0.018240086609467823	-0.01749113186628559	local_lower	0.5440134979636213	0.5618848043965113
pickapic_rankings	danbooru2023_florence2_paired	ours_danbooru2023	ref_danbooru_florence2	prompt_mass_on_caption_support	50	5000	250000	0.2176131812973661	0.21514994271370588	0.22000483932562345	local_higher	0.4279109607720432	0.2102977794746771
sd_prompts_2m_andyyang	danbooru2023_florence2_paired	ours_danbooru2023	ref_danbooru_florence2	jsd	50	5000	250000	-0.09697457855817147	-0.0975366167178866	-0.09641697951103821	local_lower	0.4605369937624297	0.5575115723206012
sd_prompts_2m_andyyang	danbooru2023_florence2_paired	ours_danbooru2023	ref_danbooru_florence2	prompt_mass_on_caption_support	50	5000	250000	0.2195963803516346	0.21729226992418615	0.22189062485270292	local_higher	0.3873740140807184	0.16777763372908386
sd_prompts_dedup_xzuyn	danbooru2023_florence2_paired	ours_danbooru2023	ref_danbooru_florence2	jsd	50	5000	250000	-0.09881598893624641	-0.09937364787216124	-0.0982512240717847	local_lower	0.4584493214689092	0.5572653104051557
sd_prompts_dedup_xzuyn	danbooru2023_florence2_paired	ours_danbooru2023	ref_danbooru_florence2	prompt_mass_on_caption_support	50	5000	250000	0.22032567522676527	0.21809793063545146	0.22254756429480607	local_higher	0.3872515902879585	0.16692591506119325
sdxl_refiner_prompts_falah	danbooru2023_florence2_paired	ours_danbooru2023	ref_danbooru_florence2	jsd	50	5000	250000	-2.4449732086977427e-05	-0.00013072499728509178	8.061152317339608e-05	inconclusive	0.6712043499756075	0.6712287997076944
sdxl_refiner_prompts_falah	danbooru2023_florence2_paired	ours_danbooru2023	ref_danbooru_florence2	prompt_mass_on_caption_support	50	5000	250000	0.18312292358804685	0.17099958471761853	0.19445279623477682	local_higher	0.36126245847172817	0.1781395348836813
civitai_flux_prompts_aconexx	datacomp_recap_llava15_paired_url	ours_datacomp_forward	ref_datacomp_recap_llava15_llama3_8b	jsd	50	5000	250000	-0.054853156793718584	-0.05514322462572679	-0.054558100699726886	local_lower	0.3160357195841528	0.3708888763778713
civitai_flux_prompts_aconexx	datacomp_recap_llava15_paired_url	ours_datacomp_forward	ref_datacomp_recap_llava15_llama3_8b	prompt_mass_on_caption_support	50	5000	250000	0.1557366574254084	0.15486535306787858	0.15657976768767606	local_higher	0.6459256224301686	0.4901889650047601
flux_improved_k_mktr	datacomp_recap_llava15_paired_url	ours_datacomp_forward	ref_datacomp_recap_llava15_llama3_8b	jsd	50	5000	250000	-0.06810403144920439	-0.06832529333141821	-0.06787452518610976	local_lower	0.4341260675143422	0.5022300989635466
flux_improved_k_mktr	datacomp_recap_llava15_paired_url	ours_datacomp_forward	ref_datacomp_recap_llava15_llama3_8b	prompt_mass_on_caption_support	50	5000	250000	0.18212373013740724	0.17998347157547417	0.1842504521009304	local_higher	0.6007107623652636	0.41858703222785637
flux_prompts_chrisgoringe	datacomp_recap_llava15_paired_url	ours_datacomp_forward	ref_datacomp_recap_llava15_llama3_8b	jsd	50	5000	250000	-0.03333919562123121	-0.0336241342626281	-0.03307802016837389	local_lower	0.34896262345417123	0.3823018190754025
flux_prompts_chrisgoringe	datacomp_recap_llava15_paired_url	ours_datacomp_forward	ref_datacomp_recap_llava15_llama3_8b	prompt_mass_on_caption_support	50	5000	250000	0.14416268341173885	0.1432766322714739	0.14500078351733314	local_higher	0.6256187647892952	0.48145608137755624
flux_prompts_regpeter	datacomp_recap_llava15_paired_url	ours_datacomp_forward	ref_datacomp_recap_llava15_llama3_8b	jsd	50	5000	250000	0.09687747078230664	0.09656925965164175	0.09718778996286248	reference_lower	0.5423357102430582	0.4454582394607515
flux_prompts_regpeter	datacomp_recap_llava15_paired_url	ours_datacomp_forward	ref_datacomp_recap_llava15_llama3_8b	prompt_mass_on_caption_support	50	5000	250000	-0.05908926604794285	-0.06313339518726215	-0.055180632118700744	reference_higher	0.7776573282036372	0.8367465942515799
pickapic_rankings	datacomp_recap_llava15_paired_url	ours_datacomp_forward	ref_datacomp_recap_llava15_llama3_8b	jsd	50	5000	250000	0.007926121675045483	0.007690329669260462	0.008149971874975055	reference_lower	0.5302793800433919	0.5223532583683465
pickapic_rankings	datacomp_recap_llava15_paired_url	ours_datacomp_forward	ref_datacomp_recap_llava15_llama3_8b	prompt_mass_on_caption_support	50	5000	250000	0.14155425827931634	0.13902754651108692	0.1440613454089948	local_higher	0.520306181460614	0.37875192318129786
sd_prompts_2m_andyyang	datacomp_recap_llava15_paired_url	ours_datacomp_forward	ref_datacomp_recap_llava15_llama3_8b	jsd	50	5000	250000	-0.054518055489019925	-0.05477041464419305	-0.054269330230390794	local_lower	0.40756390535024245	0.46208196083926234
sd_prompts_2m_andyyang	datacomp_recap_llava15_paired_url	ours_datacomp_forward	ref_datacomp_recap_llava15_llama3_8b	prompt_mass_on_caption_support	50	5000	250000	0.1548099761819879	0.15207873900552626	0.15770317029874398	local_higher	0.4969377060530993	0.3421277298711114
sd_prompts_dedup_xzuyn	datacomp_recap_llava15_paired_url	ours_datacomp_forward	ref_datacomp_recap_llava15_llama3_8b	jsd	50	5000	250000	-0.05595235841599919	-0.056204855996115216	-0.05570654649827201	local_lower	0.4044387233245046	0.4603910817405039
sd_prompts_dedup_xzuyn	datacomp_recap_llava15_paired_url	ours_datacomp_forward	ref_datacomp_recap_llava15_llama3_8b	prompt_mass_on_caption_support	50	5000	250000	0.1552731191209604	0.1525362561441462	0.1580571228543505	local_higher	0.4968427699622346	0.34156965084127416
sdxl_refiner_prompts_falah	datacomp_recap_llava15_paired_url	ours_datacomp_forward	ref_datacomp_recap_llava15_llama3_8b	jsd	50	5000	250000	0.007097930445983147	0.007018513783888563	0.007180302329953244	reference_lower	0.6785913262961226	0.6714933958501395
sdxl_refiner_prompts_falah	datacomp_recap_llava15_paired_url	ours_datacomp_forward	ref_datacomp_recap_llava15_llama3_8b	prompt_mass_on_caption_support	50	5000	250000	0.1649335548172778	0.15259662236988403	0.17898117386489265	local_higher	0.48913621262454604	0.3242026578072683
civitai_flux_prompts_aconexx	laion_pop_llama32_paired	ours_laion_pop	ref_laion_pop_llama32_11b	jsd	50	5000	250000	-0.004260656049108038	-0.0045117032657693065	-0.004028040229261851	local_lower	0.2904358678774599	0.2946965239265679
civitai_flux_prompts_aconexx	laion_pop_llama32_paired	ours_laion_pop	ref_laion_pop_llama32_11b	prompt_mass_on_caption_support	50	5000	250000	0.04408430967113801	0.043472481064454234	0.04472172101158891	local_higher	0.654880934350748	0.61079662467961
flux_improved_k_mktr	laion_pop_llama32_paired	ours_laion_pop	ref_laion_pop_llama32_11b	jsd	50	5000	250000	-0.010436954375279608	-0.010669627812264602	-0.010171982165134184	local_lower	0.4147732245345099	0.4252101789097896
flux_improved_k_mktr	laion_pop_llama32_paired	ours_laion_pop	ref_laion_pop_llama32_11b	prompt_mass_on_caption_support	50	5000	250000	0.023076064893593918	0.021637023272946	0.024501948013998034	local_higher	0.6195838930180727	0.5965078281244787
flux_prompts_chrisgoringe	laion_pop_llama32_paired	ours_laion_pop	ref_laion_pop_llama32_11b	jsd	50	5000	250000	0.007271905974875679	0.0070428646239538975	0.007493250925584074	reference_lower	0.32780320011789965	0.32053129414302406
flux_prompts_chrisgoringe	laion_pop_llama32_paired	ours_laion_pop	ref_laion_pop_llama32_11b	prompt_mass_on_caption_support	50	5000	250000	0.039964741720742276	0.039215085635312126	0.04061717186274324	local_higher	0.6281888366792434	0.5882240949585011
flux_prompts_regpeter	laion_pop_llama32_paired	ours_laion_pop	ref_laion_pop_llama32_11b	jsd	50	5000	250000	0.06656096817088643	0.06630562487309205	0.06683116654655734	reference_lower	0.5497124448815534	0.483151476710667
flux_prompts_regpeter	laion_pop_llama32_paired	ours_laion_pop	ref_laion_pop_llama32_11b	prompt_mass_on_caption_support	50	5000	250000	-0.08803675039588754	-0.09228851323815611	-0.08360609036722685	reference_higher	0.7591897412684269	0.8472264916643146
pickapic_rankings	laion_pop_llama32_paired	ours_laion_pop	ref_laion_pop_llama32_11b	jsd	50	5000	250000	0.015860246490168532	0.015668684629931973	0.016041060545775827	reference_lower	0.525394346575671	0.5095341000855025
pickapic_rankings	laion_pop_llama32_paired	ours_laion_pop	ref_laion_pop_llama32_11b	prompt_mass_on_caption_support	50	5000	250000	0.03608903922756756	0.03334770036566245	0.03873557204440809	local_higher	0.5080807463577315	0.4719917071301639
sd_prompts_2m_andyyang	laion_pop_llama32_paired	ours_laion_pop	ref_laion_pop_llama32_11b	jsd	50	5000	250000	-0.013582243602726368	-0.01378582316973229	-0.013380751173948198	local_lower	0.4077208049996414	0.4213030486023678
sd_prompts_2m_andyyang	laion_pop_llama32_paired	ours_laion_pop	ref_laion_pop_llama32_11b	prompt_mass_on_caption_support	50	5000	250000	0.046987151165865534	0.04475690782063835	0.04935006808545284	local_higher	0.4878556157457616	0.4408684645798959
sd_prompts_dedup_xzuyn	laion_pop_llama32_paired	ours_laion_pop	ref_laion_pop_llama32_11b	jsd	50	5000	250000	-0.014170246110312496	-0.014382244674360434	-0.013967809829113517	local_lower	0.40478518702505634	0.41895543313536876
sd_prompts_dedup_xzuyn	laion_pop_llama32_paired	ours_laion_pop	ref_laion_pop_llama32_11b	prompt_mass_on_caption_support	50	5000	250000	0.04699900986425385	0.044883073856741125	0.04908797564708557	local_higher	0.4872447478298087	0.44024573796555494
sdxl_refiner_prompts_falah	laion_pop_llama32_paired	ours_laion_pop	ref_laion_pop_llama32_11b	jsd	50	5000	250000	0.006464246575088744	0.006393638914263409	0.006529881657420203	reference_lower	0.6772177030537498	0.6707534564786612
sdxl_refiner_prompts_falah	laion_pop_llama32_paired	ours_laion_pop	ref_laion_pop_llama32_11b	prompt_mass_on_caption_support	50	5000	250000	-0.018012181616804752	-0.03093106312289169	-0.005702934662212686	reference_higher	0.4783056478404884	0.4963178294572931
civitai_flux_prompts_aconexx	pd12m_full_paired	ours_pd12m_img2dataset	ref_pd12m_full	jsd	50	5000	250000	-0.12403851289924685	-0.12433961528547352	-0.12373250234822246	local_lower	0.3277249538061283	0.4517634667053752
civitai_flux_prompts_aconexx	pd12m_full_paired	ours_pd12m_img2dataset	ref_pd12m_full	prompt_mass_on_caption_support	50	5000	250000	0.288502516504335	0.28779243980555536	0.28921164224027457	local_higher	0.6117784838478624	0.3232759673435273
flux_improved_k_mktr	pd12m_full_paired	ours_pd12m_img2dataset	ref_pd12m_full	jsd	50	5000	250000	-0.12402972826578541	-0.12427339792494213	-0.1237765970535507	local_lower	0.43082948313042524	0.5548592113962106
flux_improved_k_mktr	pd12m_full_paired	ours_pd12m_img2dataset	ref_pd12m_full	prompt_mass_on_caption_support	50	5000	250000	0.3220040944051323	0.3201688985652074	0.3237343204307233	local_higher	0.5782094191217773	0.2562053247166449
flux_prompts_chrisgoringe	pd12m_full_paired	ours_pd12m_img2dataset	ref_pd12m_full	jsd	50	5000	250000	-0.09492719125621984	-0.09520200386892035	-0.09464329112072764	local_lower	0.3598565977872088	0.4547837890434287
flux_prompts_chrisgoringe	pd12m_full_paired	ours_pd12m_img2dataset	ref_pd12m_full	prompt_mass_on_caption_support	50	5000	250000	0.27438907038371246	0.27370364358066596	0.27510768072118735	local_higher	0.5897363734404106	0.3153473030566982
flux_prompts_regpeter	pd12m_full_paired	ours_pd12m_img2dataset	ref_pd12m_full	jsd	50	5000	250000	0.12377813148660892	0.12343776585529094	0.12411344164662816	reference_lower	0.5385921738391607	0.4148140423525517
flux_prompts_regpeter	pd12m_full_paired	ours_pd12m_img2dataset	ref_pd12m_full	prompt_mass_on_caption_support	50	5000	250000	0.06337035528415677	0.05906591083971595	0.06790601191838379	local_higher	0.7837297126043029	0.7203593573201462
pickapic_rankings	pd12m_full_paired	ours_pd12m_img2dataset	ref_pd12m_full	jsd	50	5000	250000	-0.0032263930190454372	-0.0034197217331338055	-0.003034873479059334	local_lower	0.5356083756827344	0.5388347687017799
pickapic_rankings	pd12m_full_paired	ours_pd12m_img2dataset	ref_pd12m_full	prompt_mass_on_caption_support	50	5000	250000	0.24313492279998403	0.2412432484042232	0.24517603251682107	local_higher	0.479599978176233	0.23646505537624904
sd_prompts_2m_andyyang	pd12m_full_paired	ours_pd12m_img2dataset	ref_pd12m_full	jsd	50	5000	250000	-0.10663518572450188	-0.10683988967160112	-0.10643764038693622	local_lower	0.4200949410019135	0.5267301267264154
sd_prompts_2m_andyyang	pd12m_full_paired	ours_pd12m_img2dataset	ref_pd12m_full	prompt_mass_on_caption_support	50	5000	250000	0.2575654945961242	0.2557565957866298	0.2593675373213056	local_higher	0.45461961703178555	0.19705412243566126
sd_prompts_dedup_xzuyn	pd12m_full_paired	ours_pd12m_img2dataset	ref_pd12m_full	jsd	50	5000	250000	-0.10885122685232933	-0.10904809492589126	-0.10864169197260146	local_lower	0.4172338139106537	0.5260850407629829
sd_prompts_dedup_xzuyn	pd12m_full_paired	ours_pd12m_img2dataset	ref_pd12m_full	prompt_mass_on_caption_support	50	5000	250000	0.2577775206436511	0.25604281511845334	0.2595206095736582	local_higher	0.45484724577994584	0.19706972513629473
sdxl_refiner_prompts_falah	pd12m_full_paired	ours_pd12m_img2dataset	ref_pd12m_full	jsd	50	5000	250000	0.011272638795153826	0.011193464659666747	0.011354501515369028	reference_lower	0.6785903707996909	0.6673177320045369
sdxl_refiner_prompts_falah	pd12m_full_paired	ours_pd12m_img2dataset	ref_pd12m_full	prompt_mass_on_caption_support	50	5000	250000	0.24251937984496658	0.23008817829458267	0.25362818383167435	local_higher	0.4379235880398349	0.1954042081948684
