prompt_pool	comparison	local_surface	reference_surface	pool_index	records	role	jsd	prompt_mass_on_caption_support	caption_mass_on_prompt_support	total_ngrams	unique_buckets
civitai_flux_prompts_aconexx	cc12m_llavanext_paired	ours_cc12m	ref_cc12m_llavanext	0	239669	local	0.23772079043532318	0.9987724369040529	0.8230223707169478	15097281.0	261085.0
civitai_flux_prompts_aconexx	cc12m_llavanext_paired	ours_cc12m	ref_cc12m_llavanext	0	239669	reference	0.254690532562286	0.989678904567323	0.8756946331344988	12207703.0	253819.0
civitai_flux_prompts_aconexx	cc12m_llavanext_paired	ours_cc12m	ref_cc12m_llavanext	1	239273	local	0.23760319434547117	0.9989478030606168	0.8228854280295593	15072814.0	261149.0
civitai_flux_prompts_aconexx	cc12m_llavanext_paired	ours_cc12m	ref_cc12m_llavanext	1	239273	reference	0.254349681929266	0.9898160090169998	0.8756779285916516	12195606.0	253764.0
civitai_flux_prompts_aconexx	cc12m_llavanext_paired	ours_cc12m	ref_cc12m_llavanext	2	240606	local	0.2374879720416945	0.9987453348616747	0.8231130947279257	15156153.0	261096.0
civitai_flux_prompts_aconexx	cc12m_llavanext_paired	ours_cc12m	ref_cc12m_llavanext	2	240606	reference	0.25436201298974515	0.9894955672218245	0.8758120056478195	12246836.0	253813.0
flux_improved_k_mktr	cc12m_llavanext_paired	ours_cc12m	ref_cc12m_llavanext	0	239669	local	0.3698933350112545	0.9988147119986469	0.7787729459364209	15097281.0	261085.0
flux_improved_k_mktr	cc12m_llavanext_paired	ours_cc12m	ref_cc12m_llavanext	0	239669	reference	0.39114906958723916	0.9908684317881029	0.8206883801154027	12207703.0	253819.0
flux_improved_k_mktr	cc12m_llavanext_paired	ours_cc12m	ref_cc12m_llavanext	1	239273	local	0.36975769874379605	0.9991293792225105	0.7787251935836236	15072814.0	261149.0
flux_improved_k_mktr	cc12m_llavanext_paired	ours_cc12m	ref_cc12m_llavanext	1	239273	reference	0.39076672582811056	0.9900127359382279	0.8205921870549064	12195606.0	253764.0
flux_improved_k_mktr	cc12m_llavanext_paired	ours_cc12m	ref_cc12m_llavanext	2	240606	local	0.36972313179420235	0.9987531466722386	0.7788421639712895	15156153.0	261096.0
flux_improved_k_mktr	cc12m_llavanext_paired	ours_cc12m	ref_cc12m_llavanext	2	240606	reference	0.39083542766988394	0.9912365800025837	0.8207692991071278	12246836.0	253813.0
flux_prompts_chrisgoringe	cc12m_llavanext_paired	ours_cc12m	ref_cc12m_llavanext	0	239669	local	0.2829652868398432	0.9986603655063232	0.7375446611876616	15097281.0	261085.0
flux_prompts_chrisgoringe	cc12m_llavanext_paired	ours_cc12m	ref_cc12m_llavanext	0	239669	reference	0.2839318338656506	0.9880873846957332	0.8151950452922964	12207703.0	253819.0
flux_prompts_chrisgoringe	cc12m_llavanext_paired	ours_cc12m	ref_cc12m_llavanext	1	239273	local	0.2828554651887714	0.9985500426656678	0.7375450927743101	15072814.0	261149.0
flux_prompts_chrisgoringe	cc12m_llavanext_paired	ours_cc12m	ref_cc12m_llavanext	1	239273	reference	0.2834927711486797	0.9885827117354107	0.8152132825543805	12195606.0	253764.0
flux_prompts_chrisgoringe	cc12m_llavanext_paired	ours_cc12m	ref_cc12m_llavanext	2	240606	local	0.28283610896163336	0.9984960069886122	0.7375011323783762	15156153.0	261096.0
flux_prompts_chrisgoringe	cc12m_llavanext_paired	ours_cc12m	ref_cc12m_llavanext	2	240606	reference	0.28348297672970757	0.9883237907828518	0.8154094657591479	12246836.0	253813.0
flux_prompts_regpeter	cc12m_llavanext_paired	ours_cc12m	ref_cc12m_llavanext	0	239669	local	0.5320301120344172	0.9999034472354194	0.28740758021261836	15097281.0	261085.0
flux_prompts_regpeter	cc12m_llavanext_paired	ours_cc12m	ref_cc12m_llavanext	0	239669	reference	0.44328632693521036	0.9982499811420142	0.4742461378688432	12207703.0	253819.0
flux_prompts_regpeter	cc12m_llavanext_paired	ours_cc12m	ref_cc12m_llavanext	1	239273	local	0.5322068624606446	0.9999306027004571	0.28738548754067683	15072814.0	261149.0
flux_prompts_regpeter	cc12m_llavanext_paired	ours_cc12m	ref_cc12m_llavanext	1	239273	reference	0.4434102740344398	0.9975982499811187	0.4739448781798863	12195606.0	253764.0
flux_prompts_regpeter	cc12m_llavanext_paired	ours_cc12m	ref_cc12m_llavanext	2	240606	local	0.5322086588097847	0.9995775816549715	0.28736500614634464	15156153.0	261096.0
flux_prompts_regpeter	cc12m_llavanext_paired	ours_cc12m	ref_cc12m_llavanext	2	240606	reference	0.4433316457214776	0.9994478388775494	0.47395662030583985	12246836.0	253813.0
pickapic_rankings	cc12m_llavanext_paired	ours_cc12m	ref_cc12m_llavanext	0	239669	local	0.5066268762525079	0.9980904577445515	0.32579031946215636	15097281.0	261085.0
pickapic_rankings	cc12m_llavanext_paired	ours_cc12m	ref_cc12m_llavanext	0	239669	reference	0.49123045921987263	0.9841562551147996	0.44494570354471363	12207703.0	253819.0
pickapic_rankings	cc12m_llavanext_paired	ours_cc12m	ref_cc12m_llavanext	1	239273	local	0.5066101633974165	0.9980795460745212	0.32552521380546084	15072814.0	261149.0
pickapic_rankings	cc12m_llavanext_paired	ours_cc12m	ref_cc12m_llavanext	1	239273	reference	0.49114883596339876	0.9821048611489582	0.4447262399260776	12195606.0	253764.0
pickapic_rankings	cc12m_llavanext_paired	ours_cc12m	ref_cc12m_llavanext	2	240606	local	0.5066017476496428	0.9979704293742099	0.3254654396798412	15156153.0	261096.0
pickapic_rankings	cc12m_llavanext_paired	ours_cc12m	ref_cc12m_llavanext	2	240606	reference	0.4910970565224016	0.9834688199028422	0.44497035805818835	12246836.0	253813.0
sd_prompts_2m_andyyang	cc12m_llavanext_paired	ours_cc12m	ref_cc12m_llavanext	0	239669	local	0.3140297430642701	0.9972394574388043	0.9997500212124296	15097281.0	261085.0
sd_prompts_2m_andyyang	cc12m_llavanext_paired	ours_cc12m	ref_cc12m_llavanext	0	239669	reference	0.3420469738668004	0.9826936269556447	0.9998831885081086	12207703.0	253819.0
sd_prompts_2m_andyyang	cc12m_llavanext_paired	ours_cc12m	ref_cc12m_llavanext	1	239273	local	0.3139193267044297	0.9982699193380199	0.9997518711502715	15072814.0	261149.0
sd_prompts_2m_andyyang	cc12m_llavanext_paired	ours_cc12m	ref_cc12m_llavanext	1	239273	reference	0.34177991317353	0.9818829939355606	0.999885368549952	12195606.0	253764.0
sd_prompts_2m_andyyang	cc12m_llavanext_paired	ours_cc12m	ref_cc12m_llavanext	2	240606	local	0.31392545032490626	0.9972137351705292	0.9997554788474365	15156153.0	261096.0
sd_prompts_2m_andyyang	cc12m_llavanext_paired	ours_cc12m	ref_cc12m_llavanext	2	240606	reference	0.34187435813313727	0.9831845945788955	0.9998865012971517	12246836.0	253813.0
sd_prompts_dedup_xzuyn	cc12m_llavanext_paired	ours_cc12m	ref_cc12m_llavanext	0	239669	local	0.3097611115964327	0.997216419042729	0.999924291003129	15097281.0	261085.0
sd_prompts_dedup_xzuyn	cc12m_llavanext_paired	ours_cc12m	ref_cc12m_llavanext	0	239669	reference	0.3386769428028706	0.982573027301722	0.9999125961698122	12207703.0	253819.0
sd_prompts_dedup_xzuyn	cc12m_llavanext_paired	ours_cc12m	ref_cc12m_llavanext	1	239273	local	0.3096711389124439	0.9982216663789518	0.9999256940343064	15072814.0	261149.0
sd_prompts_dedup_xzuyn	cc12m_llavanext_paired	ours_cc12m	ref_cc12m_llavanext	1	239273	reference	0.3383947339704174	0.9816900662593132	0.9999157073457443	12195606.0	253764.0
sd_prompts_dedup_xzuyn	cc12m_llavanext_paired	ours_cc12m	ref_cc12m_llavanext	2	240606	local	0.30962268430707873	0.997236059754449	0.9999253768419999	15156153.0	261096.0
sd_prompts_dedup_xzuyn	cc12m_llavanext_paired	ours_cc12m	ref_cc12m_llavanext	2	240606	reference	0.3384988286473868	0.9830042519745668	0.9999136103398467	12246836.0	253813.0
sdxl_refiner_prompts_falah	cc12m_llavanext_paired	ours_cc12m	ref_cc12m_llavanext	0	239669	local	0.6780304816316485	0.9999999999999988	0.013494880303280884	15097281.0	261085.0
sdxl_refiner_prompts_falah	cc12m_llavanext_paired	ours_cc12m	ref_cc12m_llavanext	0	239669	reference	0.6719425655748181	0.9875415282391968	0.02959680457494686	12207703.0	253819.0
sdxl_refiner_prompts_falah	cc12m_llavanext_paired	ours_cc12m	ref_cc12m_llavanext	1	239273	local	0.6780134259264563	0.999999999999999	0.01352395113480447	15072814.0	261149.0
sdxl_refiner_prompts_falah	cc12m_llavanext_paired	ours_cc12m	ref_cc12m_llavanext	1	239273	reference	0.6719229023161183	0.9767441860465086	0.029553840948944445	12195606.0	253764.0
sdxl_refiner_prompts_falah	cc12m_llavanext_paired	ours_cc12m	ref_cc12m_llavanext	2	240606	local	0.6779988247893387	0.9999999999999988	0.013532985580179662	15156153.0	261096.0
sdxl_refiner_prompts_falah	cc12m_llavanext_paired	ours_cc12m	ref_cc12m_llavanext	2	240606	reference	0.6719058952240788	0.9767441860465089	0.029664396583737426	12246836.0	253813.0
civitai_flux_prompts_aconexx	cc12m_pixelprose_paired	ours_cc12m	ref_pixelprose_cc12m	0	182065	local	0.23787707124681934	0.9972674764331773	0.8230631702747097	11468432.0	259732.0
civitai_flux_prompts_aconexx	cc12m_pixelprose_paired	ours_cc12m	ref_pixelprose_cc12m	0	182065	reference	0.305780161286987	0.9729107115242482	0.8904375441401982	10713022.0	243617.0
civitai_flux_prompts_aconexx	cc12m_pixelprose_paired	ours_cc12m	ref_pixelprose_cc12m	1	182256	local	0.23796357192069323	0.9975560334726138	0.823126257046882	11480777.0	259741.0
civitai_flux_prompts_aconexx	cc12m_pixelprose_paired	ours_cc12m	ref_pixelprose_cc12m	1	182256	reference	0.30558316523752105	0.9727178087520287	0.8904002876318231	10730384.0	243682.0
civitai_flux_prompts_aconexx	cc12m_pixelprose_paired	ours_cc12m	ref_pixelprose_cc12m	2	182669	local	0.23799035918456993	0.9972738533843254	0.823098399524028	11506702.0	259835.0
civitai_flux_prompts_aconexx	cc12m_pixelprose_paired	ours_cc12m	ref_pixelprose_cc12m	2	182669	reference	0.3060310675422506	0.972316060829719	0.8903330159343622	10751978.0	243593.0
flux_improved_k_mktr	cc12m_pixelprose_paired	ours_cc12m	ref_pixelprose_cc12m	0	182065	local	0.36998683323229975	0.9970759579316035	0.7789361265777178	11468432.0	259732.0
flux_improved_k_mktr	cc12m_pixelprose_paired	ours_cc12m	ref_pixelprose_cc12m	0	182065	reference	0.4573217806094164	0.9695842412664237	0.8104958619519254	10713022.0	243617.0
flux_improved_k_mktr	cc12m_pixelprose_paired	ours_cc12m	ref_pixelprose_cc12m	1	182256	local	0.3702297806602746	0.9968545715053277	0.7789927458742512	11480777.0	259741.0
flux_improved_k_mktr	cc12m_pixelprose_paired	ours_cc12m	ref_pixelprose_cc12m	1	182256	reference	0.4572117935371472	0.9647721958548451	0.8105827340382172	10730384.0	243682.0
flux_improved_k_mktr	cc12m_pixelprose_paired	ours_cc12m	ref_pixelprose_cc12m	2	182669	local	0.370196055003158	0.9972034416883077	0.7786917572037537	11506702.0	259835.0
flux_improved_k_mktr	cc12m_pixelprose_paired	ours_cc12m	ref_pixelprose_cc12m	2	182669	reference	0.45721517191857064	0.9642429827965282	0.810660605890371	10751978.0	243593.0
flux_prompts_chrisgoringe	cc12m_pixelprose_paired	ours_cc12m	ref_pixelprose_cc12m	0	182065	local	0.28319478384769414	0.9969109604616405	0.7375981302413374	11468432.0	259732.0
flux_prompts_chrisgoringe	cc12m_pixelprose_paired	ours_cc12m	ref_pixelprose_cc12m	0	182065	reference	0.32649846489138845	0.9716155091398841	0.8384746152859477	10713022.0	243617.0
flux_prompts_chrisgoringe	cc12m_pixelprose_paired	ours_cc12m	ref_pixelprose_cc12m	1	182256	local	0.283021693943025	0.9973477488511746	0.737934026590702	11480777.0	259741.0
flux_prompts_chrisgoringe	cc12m_pixelprose_paired	ours_cc12m	ref_pixelprose_cc12m	1	182256	reference	0.32635738012206456	0.9723787630782967	0.8382976788155849	10730384.0	243682.0
flux_prompts_chrisgoringe	cc12m_pixelprose_paired	ours_cc12m	ref_pixelprose_cc12m	2	182669	local	0.2832388342480443	0.996676805861066	0.7375684188223453	11506702.0	259835.0
flux_prompts_chrisgoringe	cc12m_pixelprose_paired	ours_cc12m	ref_pixelprose_cc12m	2	182669	reference	0.32665103398316064	0.9707869620916959	0.8384091745723339	10751978.0	243593.0
flux_prompts_regpeter	cc12m_pixelprose_paired	ours_cc12m	ref_pixelprose_cc12m	0	182065	local	0.5322167357823375	0.9994176661386366	0.2871239067380735	11468432.0	259732.0
flux_prompts_regpeter	cc12m_pixelprose_paired	ours_cc12m	ref_pixelprose_cc12m	0	182065	reference	0.4289462850311687	0.9977310100323812	0.5172949332130446	10713022.0	243617.0
flux_prompts_regpeter	cc12m_pixelprose_paired	ours_cc12m	ref_pixelprose_cc12m	1	182256	local	0.5322995806987312	0.9997073244323681	0.2873237586619736	11480777.0	259741.0
flux_prompts_regpeter	cc12m_pixelprose_paired	ours_cc12m	ref_pixelprose_cc12m	1	182256	reference	0.4290399136523546	0.9980659274345085	0.5171298622677323	10730384.0	243682.0
flux_prompts_regpeter	cc12m_pixelprose_paired	ours_cc12m	ref_pixelprose_cc12m	2	182669	local	0.5321645886481907	0.9998762917703785	0.2873799981958286	11506702.0	259835.0
flux_prompts_regpeter	cc12m_pixelprose_paired	ours_cc12m	ref_pixelprose_cc12m	2	182669	reference	0.42875338425212633	0.9986301576525057	0.5171245700093394	10751978.0	243593.0
pickapic_rankings	cc12m_pixelprose_paired	ours_cc12m	ref_pixelprose_cc12m	0	182065	local	0.5067083689540548	0.9953952752468634	0.32560737160929604	11468432.0	259732.0
pickapic_rankings	cc12m_pixelprose_paired	ours_cc12m	ref_pixelprose_cc12m	0	182065	reference	0.49480917002609237	0.9608925746084535	0.5038539078889127	10713022.0	243617.0
pickapic_rankings	cc12m_pixelprose_paired	ours_cc12m	ref_pixelprose_cc12m	1	182256	local	0.5067789545489857	0.9963009438594416	0.3256080141614058	11480777.0	259741.0
pickapic_rankings	cc12m_pixelprose_paired	ours_cc12m	ref_pixelprose_cc12m	1	182256	reference	0.49464739513276074	0.9630203502645122	0.5036425537054309	10730384.0	243682.0
pickapic_rankings	cc12m_pixelprose_paired	ours_cc12m	ref_pixelprose_cc12m	2	182669	local	0.5066923610544369	0.9955916853074234	0.32550525771849675	11506702.0	259835.0
pickapic_rankings	cc12m_pixelprose_paired	ours_cc12m	ref_pixelprose_cc12m	2	182669	reference	0.4947387092718126	0.9615690981503794	0.5039081181155594	10751978.0	243593.0
sd_prompts_2m_andyyang	cc12m_pixelprose_paired	ours_cc12m	ref_pixelprose_cc12m	0	182065	local	0.3145867512807484	0.9943931739833582	0.999756374716265	11468432.0	259732.0
sd_prompts_2m_andyyang	cc12m_pixelprose_paired	ours_cc12m	ref_pixelprose_cc12m	0	182065	reference	0.3635170482843799	0.9577265519079414	0.9998813593400634	10713022.0	243617.0
sd_prompts_2m_andyyang	cc12m_pixelprose_paired	ours_cc12m	ref_pixelprose_cc12m	1	182256	local	0.3146141090586116	0.9952425924131972	0.9997556785572964	11480777.0	259741.0
sd_prompts_2m_andyyang	cc12m_pixelprose_paired	ours_cc12m	ref_pixelprose_cc12m	1	182256	reference	0.36330189731423046	0.960920557335565	0.9998754005448458	10730384.0	243682.0
sd_prompts_2m_andyyang	cc12m_pixelprose_paired	ours_cc12m	ref_pixelprose_cc12m	2	182669	local	0.31465543231904575	0.9943745444173301	0.9997537087516476	11506702.0	259835.0
sd_prompts_2m_andyyang	cc12m_pixelprose_paired	ours_cc12m	ref_pixelprose_cc12m	2	182669	reference	0.3635307543397904	0.9561923734776391	0.9998762088240883	10751978.0	243593.0
sd_prompts_dedup_xzuyn	cc12m_pixelprose_paired	ours_cc12m	ref_pixelprose_cc12m	0	182065	local	0.3103243449691633	0.9943449556990905	0.9999242267818306	11468432.0	259732.0
sd_prompts_dedup_xzuyn	cc12m_pixelprose_paired	ours_cc12m	ref_pixelprose_cc12m	0	182065	reference	0.3607195285956309	0.9578132318995818	0.9999658359704668	10713022.0	243617.0
sd_prompts_dedup_xzuyn	cc12m_pixelprose_paired	ours_cc12m	ref_pixelprose_cc12m	1	182256	local	0.3103163091105458	0.9952239102105055	0.9999257889949437	11480777.0	259741.0
sd_prompts_dedup_xzuyn	cc12m_pixelprose_paired	ours_cc12m	ref_pixelprose_cc12m	1	182256	reference	0.3605260741855574	0.9608051089192872	0.9999638409958117	10730384.0	243682.0
sd_prompts_dedup_xzuyn	cc12m_pixelprose_paired	ours_cc12m	ref_pixelprose_cc12m	2	182669	local	0.3103725577050717	0.9943487880330847	0.9999260431007948	11506702.0	259835.0
sd_prompts_dedup_xzuyn	cc12m_pixelprose_paired	ours_cc12m	ref_pixelprose_cc12m	2	182669	reference	0.36075789163974137	0.9559097377342234	0.9999657737394928	10751978.0	243593.0
sdxl_refiner_prompts_falah	cc12m_pixelprose_paired	ours_cc12m	ref_pixelprose_cc12m	0	182065	local	0.6780229387517056	0.9966777408637857	0.013503851267548748	11468432.0	259732.0
sdxl_refiner_prompts_falah	cc12m_pixelprose_paired	ours_cc12m	ref_pixelprose_cc12m	0	182065	reference	0.6707919557747564	0.9501661129568042	0.028096460550533074	10713022.0	243617.0
sdxl_refiner_prompts_falah	cc12m_pixelprose_paired	ours_cc12m	ref_pixelprose_cc12m	1	182256	local	0.6779897024312544	0.9999999999999971	0.013545163363071735	11480777.0	259741.0
sdxl_refiner_prompts_falah	cc12m_pixelprose_paired	ours_cc12m	ref_pixelprose_cc12m	1	182256	reference	0.6707223962493336	0.914451827242529	0.028222009575798294	10730384.0	243682.0
sdxl_refiner_prompts_falah	cc12m_pixelprose_paired	ours_cc12m	ref_pixelprose_cc12m	2	182669	local	0.6779987312854867	0.9900332225913622	0.013553405658719292	11506702.0	259835.0
sdxl_refiner_prompts_falah	cc12m_pixelprose_paired	ours_cc12m	ref_pixelprose_cc12m	2	182669	reference	0.6707561495238337	0.9269102990033227	0.028213599395385	10751978.0	243593.0
civitai_flux_prompts_aconexx	cc12m_qwen3vl8b_paired	ours_cc12m	ref_cc12m_qwen3vl8b	0	28485	local	0.252164144478921	0.8909094967150081	0.8308439468705093	1794485.0	192686.0
civitai_flux_prompts_aconexx	cc12m_qwen3vl8b_paired	ours_cc12m	ref_cc12m_qwen3vl8b	0	28485	reference	0.4378916017587656	0.4490346093080289	0.8173450046636483	301251.0	62635.0
civitai_flux_prompts_aconexx	cc12m_qwen3vl8b_paired	ours_cc12m	ref_cc12m_qwen3vl8b	1	28443	local	0.25218944709083446	0.8908568868680391	0.8308619383972939	1791903.0	192845.0
civitai_flux_prompts_aconexx	cc12m_qwen3vl8b_paired	ours_cc12m	ref_cc12m_qwen3vl8b	1	28443	reference	0.43712038240085926	0.44973607393428366	0.8162567692156831	300441.0	62752.0
civitai_flux_prompts_aconexx	cc12m_qwen3vl8b_paired	ours_cc12m	ref_cc12m_qwen3vl8b	2	28911	local	0.2531179275620243	0.8929118593754085	0.8305237081342198	1821358.0	193499.0
civitai_flux_prompts_aconexx	cc12m_qwen3vl8b_paired	ours_cc12m	ref_cc12m_qwen3vl8b	2	28911	reference	0.43725557194316045	0.44839053724210487	0.8156637982106114	305507.0	62963.0
flux_improved_k_mktr	cc12m_qwen3vl8b_paired	ours_cc12m	ref_cc12m_qwen3vl8b	0	28485	local	0.375293484860277	0.8821198123438867	0.7926485871990814	1794485.0	192686.0
flux_improved_k_mktr	cc12m_qwen3vl8b_paired	ours_cc12m	ref_cc12m_qwen3vl8b	0	28485	reference	0.5183875729134245	0.39590795797137845	0.7767509485443919	301251.0	62635.0
flux_improved_k_mktr	cc12m_qwen3vl8b_paired	ours_cc12m	ref_cc12m_qwen3vl8b	1	28443	local	0.3752607434025045	0.8832845785697704	0.7921360698653572	1791903.0	192845.0
flux_improved_k_mktr	cc12m_qwen3vl8b_paired	ours_cc12m	ref_cc12m_qwen3vl8b	1	28443	reference	0.5182965596769937	0.4020421032207731	0.7747611011810875	300441.0	62752.0
flux_improved_k_mktr	cc12m_qwen3vl8b_paired	ours_cc12m	ref_cc12m_qwen3vl8b	2	28911	local	0.37584788240769795	0.8791715172681188	0.7923598765316557	1821358.0	193499.0
flux_improved_k_mktr	cc12m_qwen3vl8b_paired	ours_cc12m	ref_cc12m_qwen3vl8b	2	28911	reference	0.5179873422382143	0.4000328348407252	0.7750951696686067	305507.0	62963.0
flux_prompts_chrisgoringe	cc12m_qwen3vl8b_paired	ours_cc12m	ref_cc12m_qwen3vl8b	0	28485	local	0.2961460025104846	0.8789510774488002	0.745800048481829	1794485.0	192686.0
flux_prompts_chrisgoringe	cc12m_qwen3vl8b_paired	ours_cc12m	ref_cc12m_qwen3vl8b	0	28485	reference	0.4478303204228431	0.44771485373205305	0.7363627008704262	301251.0	62635.0
flux_prompts_chrisgoringe	cc12m_qwen3vl8b_paired	ours_cc12m	ref_cc12m_qwen3vl8b	1	28443	local	0.2959033620014324	0.8804235496485696	0.7461374862366518	1791903.0	192845.0
flux_prompts_chrisgoringe	cc12m_qwen3vl8b_paired	ours_cc12m	ref_cc12m_qwen3vl8b	1	28443	reference	0.4472695957029673	0.4463887281576437	0.7338845230841244	300441.0	62752.0
flux_prompts_chrisgoringe	cc12m_qwen3vl8b_paired	ours_cc12m	ref_cc12m_qwen3vl8b	2	28911	local	0.29663550935324734	0.8821369309085468	0.7461844404010168	1821358.0	193499.0
flux_prompts_chrisgoringe	cc12m_qwen3vl8b_paired	ours_cc12m	ref_cc12m_qwen3vl8b	2	28911	reference	0.4471551951607593	0.4491985833645428	0.734042100508065	305507.0	62963.0
flux_prompts_regpeter	cc12m_qwen3vl8b_paired	ours_cc12m	ref_cc12m_qwen3vl8b	0	28485	local	0.5376207029837521	0.9483412536771336	0.283394400064608	1794485.0	192686.0
flux_prompts_regpeter	cc12m_qwen3vl8b_paired	ours_cc12m	ref_cc12m_qwen3vl8b	0	28485	reference	0.5726638751814861	0.6271464132153524	0.3298711041620627	301251.0	62635.0
flux_prompts_regpeter	cc12m_qwen3vl8b_paired	ours_cc12m	ref_cc12m_qwen3vl8b	1	28443	local	0.5378449572189494	0.951159387493229	0.2831771585850005	1791903.0	192845.0
flux_prompts_regpeter	cc12m_qwen3vl8b_paired	ours_cc12m	ref_cc12m_qwen3vl8b	1	28443	reference	0.5724450215940929	0.6192562419850657	0.3272955422193583	300441.0	62752.0
flux_prompts_regpeter	cc12m_qwen3vl8b_paired	ours_cc12m	ref_cc12m_qwen3vl8b	2	28911	local	0.537421366563243	0.9527193180959304	0.2839469231199676	1821358.0	193499.0
flux_prompts_regpeter	cc12m_qwen3vl8b_paired	ours_cc12m	ref_cc12m_qwen3vl8b	2	28911	reference	0.5724115189104987	0.6202700460131261	0.32791065343814074	305507.0	62963.0
pickapic_rankings	cc12m_qwen3vl8b_paired	ours_cc12m	ref_cc12m_qwen3vl8b	0	28485	local	0.5127658017327514	0.8289268372521726	0.3265856220586635	1794485.0	192686.0
pickapic_rankings	cc12m_qwen3vl8b_paired	ours_cc12m	ref_cc12m_qwen3vl8b	0	28485	reference	0.5281889881445951	0.4143161110802992	0.41823595606293895	301251.0	62635.0
pickapic_rankings	cc12m_qwen3vl8b_paired	ours_cc12m	ref_cc12m_qwen3vl8b	1	28443	local	0.5130459165146929	0.8328441267933276	0.32597579221639844	1791903.0	192845.0
pickapic_rankings	cc12m_qwen3vl8b_paired	ours_cc12m	ref_cc12m_qwen3vl8b	1	28443	reference	0.5284224143106504	0.4124611271750191	0.4164145372965637	300441.0	62752.0
pickapic_rankings	cc12m_qwen3vl8b_paired	ours_cc12m	ref_cc12m_qwen3vl8b	2	28911	local	0.5132044142091176	0.834546347318181	0.326026514282168	1821358.0	193499.0
pickapic_rankings	cc12m_qwen3vl8b_paired	ours_cc12m	ref_cc12m_qwen3vl8b	2	28911	reference	0.5284468255361836	0.43536472257023107	0.41546674871579753	305507.0	62963.0
sd_prompts_2m_andyyang	cc12m_qwen3vl8b_paired	ours_cc12m	ref_cc12m_qwen3vl8b	0	28485	local	0.3437476577808012	0.8144265384138505	0.9997899118688653	1794485.0	192686.0
sd_prompts_2m_andyyang	cc12m_qwen3vl8b_paired	ours_cc12m	ref_cc12m_qwen3vl8b	0	28485	reference	0.44867365543742377	0.3702059280805366	0.9999070542504414	301251.0	62635.0
sd_prompts_2m_andyyang	cc12m_qwen3vl8b_paired	ours_cc12m	ref_cc12m_qwen3vl8b	1	28443	local	0.34355830673777416	0.8108279796150346	0.9997695187741753	1791903.0	192845.0
sd_prompts_2m_andyyang	cc12m_qwen3vl8b_paired	ours_cc12m	ref_cc12m_qwen3vl8b	1	28443	reference	0.447891936098188	0.38716017988170115	0.9998701908194942	300441.0	62752.0
sd_prompts_2m_andyyang	cc12m_qwen3vl8b_paired	ours_cc12m	ref_cc12m_qwen3vl8b	2	28911	local	0.34410581155188447	0.8178128997220283	0.9997639124213914	1821358.0	193499.0
sd_prompts_2m_andyyang	cc12m_qwen3vl8b_paired	ours_cc12m	ref_cc12m_qwen3vl8b	2	28911	reference	0.447889276937222	0.3852129188813016	0.9999214420618827	305507.0	62963.0
sd_prompts_dedup_xzuyn	cc12m_qwen3vl8b_paired	ours_cc12m	ref_cc12m_qwen3vl8b	0	28485	local	0.3397686092255643	0.8139407071736237	0.9999141815061149	1794485.0	192686.0
sd_prompts_dedup_xzuyn	cc12m_qwen3vl8b_paired	ours_cc12m	ref_cc12m_qwen3vl8b	0	28485	reference	0.44701632688905335	0.37008396469584115	0.9999734440715541	301251.0	62635.0
sd_prompts_dedup_xzuyn	cc12m_qwen3vl8b_paired	ours_cc12m	ref_cc12m_qwen3vl8b	1	28443	local	0.33968386398119366	0.8106567453346122	0.9999051287932443	1791903.0	192845.0
sd_prompts_dedup_xzuyn	cc12m_qwen3vl8b_paired	ours_cc12m	ref_cc12m_qwen3vl8b	1	28443	reference	0.4460929917902908	0.38671167801008344	0.9999800293568444	300441.0	62752.0
sd_prompts_dedup_xzuyn	cc12m_qwen3vl8b_paired	ours_cc12m	ref_cc12m_qwen3vl8b	2	28911	local	0.3401487141583174	0.8172246690126354	0.9999099572956007	1821358.0	193499.0
sd_prompts_dedup_xzuyn	cc12m_qwen3vl8b_paired	ours_cc12m	ref_cc12m_qwen3vl8b	2	28911	reference	0.4461077245427285	0.38522011619984925	0.999993453505156	305507.0	62963.0
sdxl_refiner_prompts_falah	cc12m_qwen3vl8b_paired	ours_cc12m	ref_cc12m_qwen3vl8b	0	28485	local	0.677305769370592	0.7638427464008773	0.014076462048998165	1794485.0	192686.0
sdxl_refiner_prompts_falah	cc12m_qwen3vl8b_paired	ours_cc12m	ref_cc12m_qwen3vl8b	0	28485	reference	0.6820359956416976	0.3413621262458165	0.0093443673215946	301251.0	62635.0
sdxl_refiner_prompts_falah	cc12m_qwen3vl8b_paired	ours_cc12m	ref_cc12m_qwen3vl8b	1	28443	local	0.6773650835232945	0.7918050941306586	0.013970064227805019	1791903.0	192845.0
sdxl_refiner_prompts_falah	cc12m_qwen3vl8b_paired	ours_cc12m	ref_cc12m_qwen3vl8b	1	28443	reference	0.6819964453938574	0.3336101882613228	0.009216451815823166	300441.0	62752.0
sdxl_refiner_prompts_falah	cc12m_qwen3vl8b_paired	ours_cc12m	ref_cc12m_qwen3vl8b	2	28911	local	0.6773678570356305	0.8480066445182396	0.014010425188236735	1821358.0	193499.0
sdxl_refiner_prompts_falah	cc12m_qwen3vl8b_paired	ours_cc12m	ref_cc12m_qwen3vl8b	2	28911	reference	0.6820986211079927	0.2923588039866954	0.009309115666736619	305507.0	62963.0
civitai_flux_prompts_aconexx	danbooru2023_florence2_paired	ours_danbooru2023	ref_danbooru_florence2	0	249572	local	0.30055987840063386	0.9920319995408524	0.8644269395846885	15717540.0	255612.0
civitai_flux_prompts_aconexx	danbooru2023_florence2_paired	ours_danbooru2023	ref_danbooru_florence2	0	249572	reference	0.46527723560060125	0.5738490798855468	0.9477259341998768	10226639.0	78538.0
civitai_flux_prompts_aconexx	danbooru2023_florence2_paired	ours_danbooru2023	ref_danbooru_florence2	1	250443	local	0.3012891084395422	0.9918072120128933	0.8645378387384519	15772936.0	255507.0
civitai_flux_prompts_aconexx	danbooru2023_florence2_paired	ours_danbooru2023	ref_danbooru_florence2	1	250443	reference	0.465158552237695	0.5763823237289979	0.9478340110992195	10249360.0	78608.0
civitai_flux_prompts_aconexx	danbooru2023_florence2_paired	ours_danbooru2023	ref_danbooru_florence2	2	250127	local	0.3007186198846856	0.9917960523483847	0.8646271469491648	15753284.0	255569.0
civitai_flux_prompts_aconexx	danbooru2023_florence2_paired	ours_danbooru2023	ref_danbooru_florence2	2	250127	reference	0.4655313506679295	0.5744548902445846	0.947776588981035	10245654.0	78435.0
flux_improved_k_mktr	danbooru2023_florence2_paired	ours_danbooru2023	ref_danbooru_florence2	0	249572	local	0.43028228966866267	0.9910033780086146	0.806422251828209	15717540.0	255612.0
flux_improved_k_mktr	danbooru2023_florence2_paired	ours_danbooru2023	ref_danbooru_florence2	0	249572	reference	0.5667082035393665	0.5161226530550977	0.895681269281131	10226639.0	78538.0
flux_improved_k_mktr	danbooru2023_florence2_paired	ours_danbooru2023	ref_danbooru_florence2	1	250443	local	0.4308577882514164	0.9911513835407878	0.8065829342108499	15772936.0	255507.0
flux_improved_k_mktr	danbooru2023_florence2_paired	ours_danbooru2023	ref_danbooru_florence2	1	250443	reference	0.5666357601550721	0.510114747818439	0.8956939750384331	10249360.0	78608.0
flux_improved_k_mktr	danbooru2023_florence2_paired	ours_danbooru2023	ref_danbooru_florence2	2	250127	local	0.43038982272727566	0.9913273733122374	0.8064863173926112	15753284.0	255569.0
flux_improved_k_mktr	danbooru2023_florence2_paired	ours_danbooru2023	ref_danbooru_florence2	2	250127	reference	0.5668795054819502	0.5098249554739319	0.8957953294147855	10245654.0	78435.0
flux_prompts_chrisgoringe	danbooru2023_florence2_paired	ours_danbooru2023	ref_danbooru_florence2	0	249572	local	0.3393298307445022	0.9908769765237396	0.7946849825099799	15717540.0	255612.0
flux_prompts_chrisgoringe	danbooru2023_florence2_paired	ours_danbooru2023	ref_danbooru_florence2	0	249572	reference	0.4703144612803102	0.566593343254726	0.9307073418744778	10226639.0	78538.0
flux_prompts_chrisgoringe	danbooru2023_florence2_paired	ours_danbooru2023	ref_danbooru_florence2	1	250443	local	0.33984856703876665	0.9908589646313876	0.7950557841609138	15772936.0	255507.0
flux_prompts_chrisgoringe	danbooru2023_florence2_paired	ours_danbooru2023	ref_danbooru_florence2	1	250443	reference	0.47023770354805844	0.568959655612459	0.930907783510372	10249360.0	78608.0
flux_prompts_chrisgoringe	danbooru2023_florence2_paired	ours_danbooru2023	ref_danbooru_florence2	2	250127	local	0.33945959990424	0.990206033533631	0.794987445157461	15753284.0	255569.0
flux_prompts_chrisgoringe	danbooru2023_florence2_paired	ours_danbooru2023	ref_danbooru_florence2	2	250127	reference	0.4705722433901235	0.5657895625585216	0.9308155438393554	10245654.0	78435.0
flux_prompts_regpeter	danbooru2023_florence2_paired	ours_danbooru2023	ref_danbooru_florence2	0	249572	local	0.573178384896033	0.9919800859922923	0.26693343869332886	15717540.0	255612.0
flux_prompts_regpeter	danbooru2023_florence2_paired	ours_danbooru2023	ref_danbooru_florence2	0	249572	reference	0.487237104536252	0.8169238892656385	0.606756237313144	10226639.0	78538.0
flux_prompts_regpeter	danbooru2023_florence2_paired	ours_danbooru2023	ref_danbooru_florence2	1	250443	local	0.5735535880935985	0.9942249377687101	0.2668403650404683	15772936.0	255507.0
flux_prompts_regpeter	danbooru2023_florence2_paired	ours_danbooru2023	ref_danbooru_florence2	1	250443	reference	0.4871842506181747	0.8232390435237615	0.6066889054535944	10249360.0	78608.0
flux_prompts_regpeter	danbooru2023_florence2_paired	ours_danbooru2023	ref_danbooru_florence2	2	250127	local	0.5733394449077507	0.9971788489099922	0.2668821942142314	15753284.0	255569.0
flux_prompts_regpeter	danbooru2023_florence2_paired	ours_danbooru2023	ref_danbooru_florence2	2	250127	reference	0.4871384046574016	0.8211541072636739	0.6068313452708685	10245654.0	78435.0
pickapic_rankings	danbooru2023_florence2_paired	ours_danbooru2023	ref_danbooru_florence2	0	249572	local	0.5307035166081873	0.9861967374106289	0.37157150546459133	15717540.0	255612.0
pickapic_rankings	danbooru2023_florence2_paired	ours_danbooru2023	ref_danbooru_florence2	0	249572	reference	0.5559804558861873	0.5017840580495061	0.6365162591541423	10226639.0	78538.0
pickapic_rankings	danbooru2023_florence2_paired	ours_danbooru2023	ref_danbooru_florence2	1	250443	local	0.5308808876893252	0.9871569643733614	0.37155492167088816	15772936.0	255507.0
pickapic_rankings	danbooru2023_florence2_paired	ours_danbooru2023	ref_danbooru_florence2	1	250443	reference	0.5558411037011524	0.5078618582568112	0.6366850222843046	10249360.0	78608.0
pickapic_rankings	danbooru2023_florence2_paired	ours_danbooru2023	ref_danbooru_florence2	2	250127	local	0.5306947777177513	0.9869605543128027	0.3714073840095774	15753284.0	255569.0
pickapic_rankings	danbooru2023_florence2_paired	ours_danbooru2023	ref_danbooru_florence2	2	250127	reference	0.556118372673613	0.4932838670953038	0.6368988255898412	10245654.0	78435.0
sd_prompts_2m_andyyang	danbooru2023_florence2_paired	ours_danbooru2023	ref_danbooru_florence2	0	249572	local	0.38438963136393456	0.9830874963829465	0.9998218550740132	15717540.0	255612.0
sd_prompts_2m_andyyang	danbooru2023_florence2_paired	ours_danbooru2023	ref_danbooru_florence2	0	249572	reference	0.5349702821948576	0.46250371132378476	0.9999905149678208	10226639.0	78538.0
sd_prompts_2m_andyyang	danbooru2023_florence2_paired	ours_danbooru2023	ref_danbooru_florence2	1	250443	local	0.38488870370918693	0.9813204708225538	0.9998198813461243	15772936.0	255507.0
sd_prompts_2m_andyyang	danbooru2023_florence2_paired	ours_danbooru2023	ref_danbooru_florence2	1	250443	reference	0.5348824246657449	0.45570993505329116	0.9999897554579017	10249360.0	78608.0
sd_prompts_2m_andyyang	danbooru2023_florence2_paired	ours_danbooru2023	ref_danbooru_florence2	2	250127	local	0.3844904591745124	0.9831445522345651	0.9998216244942966	15753284.0	255569.0
sd_prompts_2m_andyyang	danbooru2023_florence2_paired	ours_danbooru2023	ref_danbooru_florence2	2	250127	reference	0.5351781320937422	0.4623411627488748	0.9999880925122004	10245654.0	78435.0
sd_prompts_dedup_xzuyn	danbooru2023_florence2_paired	ours_danbooru2023	ref_danbooru_florence2	0	249572	local	0.38132820230971354	0.9832264402477295	0.9999008750733261	15717540.0	255612.0
sd_prompts_dedup_xzuyn	danbooru2023_florence2_paired	ours_danbooru2023	ref_danbooru_florence2	0	249572	reference	0.5345109951733611	0.46098235436651613	0.9999859191274866	10226639.0	78538.0
sd_prompts_dedup_xzuyn	danbooru2023_florence2_paired	ours_danbooru2023	ref_danbooru_florence2	1	250443	local	0.38183121102449646	0.9809873555623807	0.9998966584280827	15772936.0	255507.0
sd_prompts_dedup_xzuyn	danbooru2023_florence2_paired	ours_danbooru2023	ref_danbooru_florence2	1	250443	reference	0.5344190430118866	0.45532469711061035	0.9999861454764004	10249360.0	78608.0
sd_prompts_dedup_xzuyn	danbooru2023_florence2_paired	ours_danbooru2023	ref_danbooru_florence2	2	250127	local	0.38142116271301973	0.9831033265181666	0.9998979260451348	15753284.0	255569.0
sd_prompts_dedup_xzuyn	danbooru2023_florence2_paired	ours_danbooru2023	ref_danbooru_florence2	2	250127	reference	0.5347141515089556	0.4609652830605422	0.9999858476579437	10245654.0	78435.0
sdxl_refiner_prompts_falah	danbooru2023_florence2_paired	ours_danbooru2023	ref_danbooru_florence2	0	249572	local	0.6710508527403609	0.9878183831672164	0.027114166720745948	15717540.0	255612.0
sdxl_refiner_prompts_falah	danbooru2023_florence2_paired	ours_danbooru2023	ref_danbooru_florence2	0	249572	reference	0.6711059920767783	0.4778516057585292	0.02533442316678955	10226639.0	78538.0
sdxl_refiner_prompts_falah	danbooru2023_florence2_paired	ours_danbooru2023	ref_danbooru_florence2	1	250443	local	0.6710936118788877	0.9867109634551458	0.027126782230016862	15772936.0	255507.0
sdxl_refiner_prompts_falah	danbooru2023_florence2_paired	ours_danbooru2023	ref_danbooru_florence2	1	250443	reference	0.6711811166159394	0.432447397563637	0.025239429583895343	10249360.0	78608.0
sdxl_refiner_prompts_falah	danbooru2023_florence2_paired	ours_danbooru2023	ref_danbooru_florence2	2	250127	local	0.6710683851541546	0.9966777408637807	0.027103491564044246	15753284.0	255569.0
sdxl_refiner_prompts_falah	danbooru2023_florence2_paired	ours_danbooru2023	ref_danbooru_florence2	2	250127	reference	0.6711994366541705	0.45348837209297715	0.025257440862242037	10245654.0	78435.0
civitai_flux_prompts_aconexx	datacomp_recap_llava15_paired_url	ours_datacomp_forward	ref_datacomp_recap_llava15_llama3_8b	0	250262	local	0.2526324567468493	0.9993495509829265	0.8076043748987414	15764662.0	261524.0
civitai_flux_prompts_aconexx	datacomp_recap_llava15_paired_url	ours_datacomp_forward	ref_datacomp_recap_llava15_llama3_8b	0	250262	reference	0.3098881647438496	0.9712654581281239	0.8813580576404204	11562926.0	243586.0
civitai_flux_prompts_aconexx	datacomp_recap_llava15_paired_url	ours_datacomp_forward	ref_datacomp_recap_llava15_llama3_8b	1	250717	local	0.25267938642362947	0.9993352028428444	0.8077053585511181	15793243.0	261540.0
civitai_flux_prompts_aconexx	datacomp_recap_llava15_paired_url	ours_datacomp_forward	ref_datacomp_recap_llava15_llama3_8b	1	250717	reference	0.30996687614670926	0.9721693909533208	0.8816054407663587	11594249.0	243819.0
civitai_flux_prompts_aconexx	datacomp_recap_llava15_paired_url	ours_datacomp_forward	ref_datacomp_recap_llava15_llama3_8b	2	249584	local	0.25278423605510536	0.9991040383637376	0.8077196540913868	15721378.0	261432.0
civitai_flux_prompts_aconexx	datacomp_recap_llava15_paired_url	ours_datacomp_forward	ref_datacomp_recap_llava15_llama3_8b	2	249584	reference	0.30983463804225214	0.9718011220245364	0.8818092199730817	11508385.0	243561.0
flux_improved_k_mktr	datacomp_recap_llava15_paired_url	ours_datacomp_forward	ref_datacomp_recap_llava15_llama3_8b	0	250262	local	0.37984312147642507	0.9991884570609836	0.7651673090104919	15764662.0	261524.0
flux_improved_k_mktr	datacomp_recap_llava15_paired_url	ours_datacomp_forward	ref_datacomp_recap_llava15_llama3_8b	0	250262	reference	0.45112031260612084	0.9652522810264315	0.8112481217989236	11562926.0	243586.0
flux_improved_k_mktr	datacomp_recap_llava15_paired_url	ours_datacomp_forward	ref_datacomp_recap_llava15_llama3_8b	1	250717	local	0.37998189919485553	0.9991760196213051	0.7654234155708207	15793243.0	261540.0
flux_improved_k_mktr	datacomp_recap_llava15_paired_url	ours_datacomp_forward	ref_datacomp_recap_llava15_llama3_8b	1	250717	reference	0.45117265818886043	0.968382784593489	0.8111361072200485	11594249.0	243819.0
flux_improved_k_mktr	datacomp_recap_llava15_paired_url	ours_datacomp_forward	ref_datacomp_recap_llava15_llama3_8b	2	249584	local	0.3800851733737344	0.9986150910918086	0.7654814991408486	15721378.0	261432.0
flux_improved_k_mktr	datacomp_recap_llava15_paired_url	ours_datacomp_forward	ref_datacomp_recap_llava15_llama3_8b	2	249584	reference	0.45126289001259545	0.9673759738515211	0.8112061770613287	11508385.0	243561.0
flux_prompts_chrisgoringe	datacomp_recap_llava15_paired_url	ours_datacomp_forward	ref_datacomp_recap_llava15_llama3_8b	0	250262	local	0.2967559075937265	0.9992637639001134	0.7202918146928825	15764662.0	261524.0
flux_prompts_chrisgoringe	datacomp_recap_llava15_paired_url	ours_datacomp_forward	ref_datacomp_recap_llava15_llama3_8b	0	250262	reference	0.3315035857794745	0.9688056539329853	0.8248928515152563	11562926.0	243586.0
flux_prompts_chrisgoringe	datacomp_recap_llava15_paired_url	ours_datacomp_forward	ref_datacomp_recap_llava15_llama3_8b	1	250717	local	0.2968420978881887	0.9992254886288656	0.720193376369877	15793243.0	261540.0
flux_prompts_chrisgoringe	datacomp_recap_llava15_paired_url	ours_datacomp_forward	ref_datacomp_recap_llava15_llama3_8b	1	250717	reference	0.33165683674125995	0.9701182705881315	0.8251371002985961	11594249.0	243819.0
flux_prompts_chrisgoringe	datacomp_recap_llava15_paired_url	ours_datacomp_forward	ref_datacomp_recap_llava15_llama3_8b	2	249584	local	0.29704196504909813	0.9989958370013782	0.7202902951636891	15721378.0	261432.0
flux_prompts_chrisgoringe	datacomp_recap_llava15_paired_url	ours_datacomp_forward	ref_datacomp_recap_llava15_llama3_8b	2	249584	reference	0.3315775786179025	0.9708274888494874	0.8253536877676491	11508385.0	243561.0
flux_prompts_regpeter	datacomp_recap_llava15_paired_url	ours_datacomp_forward	ref_datacomp_recap_llava15_llama3_8b	0	250262	local	0.5363614244755832	0.999927585426565	0.2741465690796252	15764662.0	261524.0
flux_prompts_regpeter	datacomp_recap_llava15_paired_url	ours_datacomp_forward	ref_datacomp_recap_llava15_llama3_8b	0	250262	reference	0.43871233737876003	0.997616353624446	0.5029488210855869	11562926.0	243586.0
flux_prompts_regpeter	datacomp_recap_llava15_paired_url	ours_datacomp_forward	ref_datacomp_recap_llava15_llama3_8b	1	250717	local	0.536344294921848	0.9977159236629699	0.27415971501229625	15793243.0	261540.0
flux_prompts_regpeter	datacomp_recap_llava15_paired_url	ours_datacomp_forward	ref_datacomp_recap_llava15_llama3_8b	1	250717	reference	0.4388756073465431	0.9971788489099567	0.5028976003534065	11594249.0	243819.0
flux_prompts_regpeter	datacomp_recap_llava15_paired_url	ours_datacomp_forward	ref_datacomp_recap_llava15_llama3_8b	2	249584	local	0.5363330348869404	0.9993060270045993	0.27418652487078055	15721378.0	261432.0
flux_prompts_regpeter	datacomp_recap_llava15_paired_url	ours_datacomp_forward	ref_datacomp_recap_llava15_llama3_8b	2	249584	reference	0.4385079898766049	0.9950667571848311	0.5033191885742336	11508385.0	243561.0
pickapic_rankings	datacomp_recap_llava15_paired_url	ours_datacomp_forward	ref_datacomp_recap_llava15_llama3_8b	0	250262	local	0.5150970390777264	0.9986687762562029	0.3060342809760177	15764662.0	261524.0
pickapic_rankings	datacomp_recap_llava15_paired_url	ours_datacomp_forward	ref_datacomp_recap_llava15_llama3_8b	0	250262	reference	0.5074426140041997	0.9664902613343904	0.47811315232839013	11562926.0	243586.0
pickapic_rankings	datacomp_recap_llava15_paired_url	ours_datacomp_forward	ref_datacomp_recap_llava15_llama3_8b	1	250717	local	0.5149625638072951	0.9990943313874144	0.3062234273226815	15793243.0	261540.0
pickapic_rankings	datacomp_recap_llava15_paired_url	ours_datacomp_forward	ref_datacomp_recap_llava15_llama3_8b	1	250717	reference	0.5073181894379999	0.9545419826503747	0.4782942819323531	11594249.0	243819.0
pickapic_rankings	datacomp_recap_llava15_paired_url	ours_datacomp_forward	ref_datacomp_recap_llava15_llama3_8b	2	249584	local	0.5150507631276046	0.9989961263571339	0.3062068732142913	15721378.0	261432.0
pickapic_rankings	datacomp_recap_llava15_paired_url	ours_datacomp_forward	ref_datacomp_recap_llava15_llama3_8b	2	249584	reference	0.5073427154614847	0.9613835997598509	0.47846157388720506	11508385.0	243561.0
sd_prompts_2m_andyyang	datacomp_recap_llava15_paired_url	ours_datacomp_forward	ref_datacomp_recap_llava15_llama3_8b	0	250262	local	0.3198483424817061	0.9987693712696547	0.999715185774361	15764662.0	261524.0
sd_prompts_2m_andyyang	datacomp_recap_llava15_paired_url	ours_datacomp_forward	ref_datacomp_recap_llava15_llama3_8b	0	250262	reference	0.3804201498118632	0.959506999733979	0.9998431192935078	11562926.0	243586.0
sd_prompts_2m_andyyang	datacomp_recap_llava15_paired_url	ours_datacomp_forward	ref_datacomp_recap_llava15_llama3_8b	1	250717	local	0.3198669453612363	0.9984659113507395	0.9997200068409007	15793243.0	261540.0
sd_prompts_2m_andyyang	datacomp_recap_llava15_paired_url	ours_datacomp_forward	ref_datacomp_recap_llava15_llama3_8b	1	250717	reference	0.3805631922275181	0.9574633138954388	0.9998531168340445	11594249.0	243819.0
sd_prompts_2m_andyyang	datacomp_recap_llava15_paired_url	ours_datacomp_forward	ref_datacomp_recap_llava15_llama3_8b	2	249584	local	0.3200219731317957	0.9986376624823619	0.9997179636543315	15721378.0	261432.0
sd_prompts_2m_andyyang	datacomp_recap_llava15_paired_url	ours_datacomp_forward	ref_datacomp_recap_llava15_llama3_8b	2	249584	reference	0.3806776514761998	0.9594059062817013	0.9998584510337466	11508385.0	243561.0
sd_prompts_dedup_xzuyn	datacomp_recap_llava15_paired_url	ours_datacomp_forward	ref_datacomp_recap_llava15_llama3_8b	0	250262	local	0.3154781521789142	0.998792161553085	0.9999312386145677	15764662.0	261524.0
sd_prompts_dedup_xzuyn	datacomp_recap_llava15_paired_url	ours_datacomp_forward	ref_datacomp_recap_llava15_llama3_8b	0	250262	reference	0.37770314921535786	0.9588037160400771	0.99993548345808	11562926.0	243586.0
sd_prompts_dedup_xzuyn	datacomp_recap_llava15_paired_url	ours_datacomp_forward	ref_datacomp_recap_llava15_llama3_8b	1	250717	local	0.3155129707785757	0.998405313565923	0.9999304765968594	15793243.0	261540.0
sd_prompts_dedup_xzuyn	datacomp_recap_llava15_paired_url	ours_datacomp_forward	ref_datacomp_recap_llava15_llama3_8b	1	250717	reference	0.37785080684023903	0.9569797863543477	0.9999319490205879	11594249.0	243819.0
sd_prompts_dedup_xzuyn	datacomp_recap_llava15_paired_url	ours_datacomp_forward	ref_datacomp_recap_llava15_llama3_8b	2	249584	local	0.3156591975781306	0.9986201855650965	0.9999260242963441	15721378.0	261432.0
sd_prompts_dedup_xzuyn	datacomp_recap_llava15_paired_url	ours_datacomp_forward	ref_datacomp_recap_llava15_llama3_8b	2	249584	reference	0.37796479718579523	0.95874923592841	0.9999290951771258	11508385.0	243561.0
sdxl_refiner_prompts_falah	datacomp_recap_llava15_paired_url	ours_datacomp_forward	ref_datacomp_recap_llava15_llama3_8b	0	250262	local	0.6784713625965034	0.9999999999999993	0.01337757828236322	15764662.0	261524.0
sdxl_refiner_prompts_falah	datacomp_recap_llava15_paired_url	ours_datacomp_forward	ref_datacomp_recap_llava15_llama3_8b	0	250262	reference	0.6714307772204323	0.9401993355481695	0.03552889640563218	11562926.0	243586.0
sdxl_refiner_prompts_falah	datacomp_recap_llava15_paired_url	ours_datacomp_forward	ref_datacomp_recap_llava15_llama3_8b	1	250717	local	0.6784396666540364	0.9999999999999994	0.013411051802343366	15793243.0	261540.0
sdxl_refiner_prompts_falah	datacomp_recap_llava15_paired_url	ours_datacomp_forward	ref_datacomp_recap_llava15_llama3_8b	1	250717	reference	0.671357336738251	0.9401993355481695	0.035532616213434	11594249.0	243819.0
sdxl_refiner_prompts_falah	datacomp_recap_llava15_paired_url	ours_datacomp_forward	ref_datacomp_recap_llava15_llama3_8b	2	249584	local	0.6785375460805892	0.999999999999999	0.013306467155741483	15721378.0	261432.0
sdxl_refiner_prompts_falah	datacomp_recap_llava15_paired_url	ours_datacomp_forward	ref_datacomp_recap_llava15_llama3_8b	2	249584	reference	0.6714051722634419	0.9800664451827089	0.03559387351048743	11508385.0	243561.0
civitai_flux_prompts_aconexx	laion_pop_llama32_paired	ours_laion_pop	ref_laion_pop_llama32_11b	0	87969	local	0.23313342426768954	0.9751235135725226	0.8432467536451254	5541831.0	242593.0
civitai_flux_prompts_aconexx	laion_pop_llama32_paired	ours_laion_pop	ref_laion_pop_llama32_11b	0	87969	reference	0.24303695818195828	0.9460175142962847	0.8918733551607522	5541955.0	221118.0
civitai_flux_prompts_aconexx	laion_pop_llama32_paired	ours_laion_pop	ref_laion_pop_llama32_11b	1	87562	local	0.23336619272169035	0.9746420537608652	0.8434888102182119	5516104.0	242033.0
civitai_flux_prompts_aconexx	laion_pop_llama32_paired	ours_laion_pop	ref_laion_pop_llama32_11b	1	87562	reference	0.2432703927664397	0.9452522801585524	0.8914239648520217	5516337.0	221067.0
civitai_flux_prompts_aconexx	laion_pop_llama32_paired	ours_laion_pop	ref_laion_pop_llama32_11b	2	87929	local	0.23296894180927866	0.9749178568980068	0.8436221420844748	5539352.0	242391.0
civitai_flux_prompts_aconexx	laion_pop_llama32_paired	ours_laion_pop	ref_laion_pop_llama32_11b	2	87929	reference	0.24298808557140858	0.9459362081691507	0.8914979501278857	5539370.0	221372.0
flux_improved_k_mktr	laion_pop_llama32_paired	ours_laion_pop	ref_laion_pop_llama32_11b	0	87969	local	0.365859231671413	0.9726245733958121	0.799037538315394	5541831.0	242593.0
flux_improved_k_mktr	laion_pop_llama32_paired	ours_laion_pop	ref_laion_pop_llama32_11b	0	87969	reference	0.38128372255700815	0.948749664189112	0.8384441952343402	5541955.0	221118.0
flux_improved_k_mktr	laion_pop_llama32_paired	ours_laion_pop	ref_laion_pop_llama32_11b	1	87562	local	0.36591745833703415	0.973462234958153	0.7991312346540126	5516104.0	242033.0
flux_improved_k_mktr	laion_pop_llama32_paired	ours_laion_pop	ref_laion_pop_llama32_11b	1	87562	reference	0.38152198212346533	0.947540123180386	0.8379310401086678	5516337.0	221067.0
flux_improved_k_mktr	laion_pop_llama32_paired	ours_laion_pop	ref_laion_pop_llama32_11b	2	87929	local	0.3658814524915672	0.9721929942389707	0.7993823104218577	5539352.0	242391.0
flux_improved_k_mktr	laion_pop_llama32_paired	ours_laion_pop	ref_laion_pop_llama32_11b	2	87929	reference	0.3813070828269166	0.9497962747380508	0.8379194745972788	5539370.0	221372.0
flux_prompts_chrisgoringe	laion_pop_llama32_paired	ours_laion_pop	ref_laion_pop_llama32_11b	0	87969	local	0.2806740658383632	0.9713858575123948	0.76077635712816	5541831.0	242593.0
flux_prompts_chrisgoringe	laion_pop_llama32_paired	ours_laion_pop	ref_laion_pop_llama32_11b	0	87969	reference	0.2781053875825714	0.9407566345679154	0.8347803257153636	5541955.0	221118.0
flux_prompts_chrisgoringe	laion_pop_llama32_paired	ours_laion_pop	ref_laion_pop_llama32_11b	1	87562	local	0.2811055101424682	0.9715209467050328	0.7607363820551438	5516104.0	242033.0
flux_prompts_chrisgoringe	laion_pop_llama32_paired	ours_laion_pop	ref_laion_pop_llama32_11b	1	87562	reference	0.27811541616830965	0.9392368811507225	0.8344421307109933	5516337.0	221067.0
flux_prompts_chrisgoringe	laion_pop_llama32_paired	ours_laion_pop	ref_laion_pop_llama32_11b	2	87929	local	0.28063613731639747	0.9710796553424117	0.7610814405728159	5539352.0	242391.0
flux_prompts_chrisgoringe	laion_pop_llama32_paired	ours_laion_pop	ref_laion_pop_llama32_11b	2	87929	reference	0.2780684803398197	0.9391445702024195	0.8345745093755946	5539370.0	221372.0
flux_prompts_regpeter	laion_pop_llama32_paired	ours_laion_pop	ref_laion_pop_llama32_11b	0	87969	local	0.5441753548330406	0.9870981368333221	0.2719741904796339	5541831.0	242593.0
flux_prompts_regpeter	laion_pop_llama32_paired	ours_laion_pop	ref_laion_pop_llama32_11b	0	87969	reference	0.47811129533181507	0.9911654220410687	0.4273454042842099	5541955.0	221118.0
flux_prompts_regpeter	laion_pop_llama32_paired	ours_laion_pop	ref_laion_pop_llama32_11b	1	87562	local	0.5438964078491185	0.9928007844911572	0.2727160329101735	5516104.0	242033.0
flux_prompts_regpeter	laion_pop_llama32_paired	ours_laion_pop	ref_laion_pop_llama32_11b	1	87562	reference	0.47778894415671835	0.9918201704758571	0.4277735388537536	5516337.0	221067.0
flux_prompts_regpeter	laion_pop_llama32_paired	ours_laion_pop	ref_laion_pop_llama32_11b	2	87929	local	0.5441264053491564	0.9859787282190056	0.2721204574108921	5539352.0	242391.0
flux_prompts_regpeter	laion_pop_llama32_paired	ours_laion_pop	ref_laion_pop_llama32_11b	2	87929	reference	0.47776336340846226	0.991379648487475	0.4276746272590382	5539370.0	221372.0
pickapic_rankings	laion_pop_llama32_paired	ours_laion_pop	ref_laion_pop_llama32_11b	0	87969	local	0.5117453401193668	0.9598123192753663	0.32960875205323625	5541831.0	242593.0
pickapic_rankings	laion_pop_llama32_paired	ours_laion_pop	ref_laion_pop_llama32_11b	0	87969	reference	0.4972869379118444	0.9160128757704289	0.4283349467832042	5541955.0	221118.0
pickapic_rankings	laion_pop_llama32_paired	ours_laion_pop	ref_laion_pop_llama32_11b	1	87562	local	0.5117676118401995	0.9561787331550151	0.3294932437821946	5516104.0	242033.0
pickapic_rankings	laion_pop_llama32_paired	ours_laion_pop	ref_laion_pop_llama32_11b	1	87562	reference	0.4972978053917234	0.9101314856236832	0.4282943554753657	5516337.0	221067.0
pickapic_rankings	laion_pop_llama32_paired	ours_laion_pop	ref_laion_pop_llama32_11b	2	87929	local	0.5117977272105387	0.9602051393964828	0.3292549381227152	5539352.0	242391.0
pickapic_rankings	laion_pop_llama32_paired	ours_laion_pop	ref_laion_pop_llama32_11b	2	87929	reference	0.4973262264759397	0.9159255824101833	0.42823100821933047	5539370.0	221372.0
sd_prompts_2m_andyyang	laion_pop_llama32_paired	ours_laion_pop	ref_laion_pop_llama32_11b	0	87969	local	0.3295966124449814	0.9548428297583571	0.9997529697314835	5541831.0	242593.0
sd_prompts_2m_andyyang	laion_pop_llama32_paired	ours_laion_pop	ref_laion_pop_llama32_11b	0	87969	reference	0.35225966395313835	0.9059519802510437	0.9998574510258558	5541955.0	221118.0
sd_prompts_2m_andyyang	laion_pop_llama32_paired	ours_laion_pop	ref_laion_pop_llama32_11b	1	87562	local	0.3299829015285113	0.948871537605373	0.9997514550124501	5516104.0	242033.0
sd_prompts_2m_andyyang	laion_pop_llama32_paired	ours_laion_pop	ref_laion_pop_llama32_11b	1	87562	reference	0.3520327474886016	0.9002255209971369	0.9998528008713025	5516337.0	221067.0
sd_prompts_2m_andyyang	laion_pop_llama32_paired	ours_laion_pop	ref_laion_pop_llama32_11b	2	87929	local	0.3298379259100695	0.9439841270710582	0.9997553865506283	5539352.0	242391.0
sd_prompts_2m_andyyang	laion_pop_llama32_paired	ours_laion_pop	ref_laion_pop_llama32_11b	2	87929	reference	0.3520122861662853	0.904654240192476	0.9998579260818462	5539370.0	221372.0
sd_prompts_dedup_xzuyn	laion_pop_llama32_paired	ours_laion_pop	ref_laion_pop_llama32_11b	0	87969	local	0.3255701334655535	0.9546653614666135	0.9999101380031249	5541831.0	242593.0
sd_prompts_dedup_xzuyn	laion_pop_llama32_paired	ours_laion_pop	ref_laion_pop_llama32_11b	0	87969	reference	0.34901354697193926	0.9061939575589911	0.9999480327790456	5541955.0	221118.0
sd_prompts_dedup_xzuyn	laion_pop_llama32_paired	ours_laion_pop	ref_laion_pop_llama32_11b	1	87562	local	0.32597864705769386	0.9487480635826019	0.9999120756243893	5516104.0	242033.0
sd_prompts_dedup_xzuyn	laion_pop_llama32_paired	ours_laion_pop	ref_laion_pop_llama32_11b	1	87562	reference	0.34881747060736534	0.8998726532833432	0.9999463412043166	5516337.0	221067.0
sd_prompts_dedup_xzuyn	laion_pop_llama32_paired	ours_laion_pop	ref_laion_pop_llama32_11b	2	87929	local	0.32581755766014187	0.9443039061761028	0.9999059456773998	5539352.0	242391.0
sd_prompts_dedup_xzuyn	laion_pop_llama32_paired	ours_laion_pop	ref_laion_pop_llama32_11b	2	87929	reference	0.34876177495921845	0.9041902565695346	0.9999471058983235	5539370.0	221372.0
sdxl_refiner_prompts_falah	laion_pop_llama32_paired	ours_laion_pop	ref_laion_pop_llama32_11b	0	87969	local	0.6772136382126404	0.9667774086378613	0.01421317250562068	5541831.0	242593.0
sdxl_refiner_prompts_falah	laion_pop_llama32_paired	ours_laion_pop	ref_laion_pop_llama32_11b	0	87969	reference	0.6706462523944405	0.8770764119601225	0.025136616951958915	5541955.0	221118.0
sdxl_refiner_prompts_falah	laion_pop_llama32_paired	ours_laion_pop	ref_laion_pop_llama32_11b	1	87562	local	0.6771419136021284	0.9734219269102835	0.014276018001110268	5516104.0	242033.0
sdxl_refiner_prompts_falah	laion_pop_llama32_paired	ours_laion_pop	ref_laion_pop_llama32_11b	1	87562	reference	0.6706379296004504	0.8970099667773926	0.025219271411444484	5516337.0	221067.0
sdxl_refiner_prompts_falah	laion_pop_llama32_paired	ours_laion_pop	ref_laion_pop_llama32_11b	2	87929	local	0.6770962166845419	0.9667774086378609	0.014279107014682647	5539352.0	242391.0
sdxl_refiner_prompts_falah	laion_pop_llama32_paired	ours_laion_pop	ref_laion_pop_llama32_11b	2	87929	reference	0.67068946126573	0.9102990033222395	0.025085704692048644	5539370.0	221372.0
civitai_flux_prompts_aconexx	pd12m_full_paired	ours_pd12m_img2dataset	ref_pd12m_full	0	249592	local	0.26855170109086557	0.9971144296056312	0.8130275575364777	15723285.0	259890.0
civitai_flux_prompts_aconexx	pd12m_full_paired	ours_pd12m_img2dataset	ref_pd12m_full	0	249592	reference	0.42367255108208113	0.6638135124405364	0.9362981526825104	9503131.0	112426.0
civitai_flux_prompts_aconexx	pd12m_full_paired	ours_pd12m_img2dataset	ref_pd12m_full	1	249887	local	0.26822635961490027	0.9972068953972739	0.8134148888621766	15742076.0	259903.0
civitai_flux_prompts_aconexx	pd12m_full_paired	ours_pd12m_img2dataset	ref_pd12m_full	1	249887	reference	0.4234978550166175	0.6682678128172537	0.936394307066307	9508630.0	112942.0
civitai_flux_prompts_aconexx	pd12m_full_paired	ours_pd12m_img2dataset	ref_pd12m_full	2	249791	local	0.26822813571282	0.9970474716185791	0.8133302991107129	15736046.0	259779.0
civitai_flux_prompts_aconexx	pd12m_full_paired	ours_pd12m_img2dataset	ref_pd12m_full	2	249791	reference	0.4236052677367391	0.6619897044122744	0.9364454724099488	9510479.0	112409.0
flux_improved_k_mktr	pd12m_full_paired	ours_pd12m_img2dataset	ref_pd12m_full	0	249592	local	0.380070009416417	0.9965716197526439	0.7853631731536987	15723285.0	259890.0
flux_improved_k_mktr	pd12m_full_paired	ours_pd12m_img2dataset	ref_pd12m_full	0	249592	reference	0.532178596951774	0.6197663253832912	0.8847043148200227	9503131.0	112426.0
flux_improved_k_mktr	pd12m_full_paired	ours_pd12m_img2dataset	ref_pd12m_full	1	249887	local	0.3799035158619991	0.9966692536541196	0.7856075018313946	15742076.0	259903.0
flux_improved_k_mktr	pd12m_full_paired	ours_pd12m_img2dataset	ref_pd12m_full	1	249887	reference	0.5320624298573827	0.6312205854551283	0.8845758011406393	9508630.0	112942.0
flux_improved_k_mktr	pd12m_full_paired	ours_pd12m_img2dataset	ref_pd12m_full	2	249791	local	0.3797936214414014	0.9956705272479428	0.785815382085179	15736046.0	259779.0
flux_improved_k_mktr	pd12m_full_paired	ours_pd12m_img2dataset	ref_pd12m_full	2	249791	reference	0.5321154754406638	0.622828423032117	0.8847675285335174	9510479.0	112409.0
flux_prompts_chrisgoringe	pd12m_full_paired	ours_pd12m_img2dataset	ref_pd12m_full	0	249592	local	0.3113567115381801	0.9964043759892431	0.7255379521518516	15723285.0	259890.0
flux_prompts_chrisgoringe	pd12m_full_paired	ours_pd12m_img2dataset	ref_pd12m_full	0	249592	reference	0.4309235866306935	0.6570355577268541	0.8990494816918627	9503131.0	112426.0
flux_prompts_chrisgoringe	pd12m_full_paired	ours_pd12m_img2dataset	ref_pd12m_full	1	249887	local	0.31105737024149616	0.996507944370267	0.7259679091880845	15742076.0	259903.0
flux_prompts_chrisgoringe	pd12m_full_paired	ours_pd12m_img2dataset	ref_pd12m_full	1	249887	reference	0.43063324593594066	0.6618042062270246	0.8991084940732654	9508630.0	112942.0
flux_prompts_chrisgoringe	pd12m_full_paired	ours_pd12m_img2dataset	ref_pd12m_full	2	249791	local	0.3109657963878104	0.9962039936868279	0.7260048680589728	15736046.0	259779.0
flux_prompts_chrisgoringe	pd12m_full_paired	ours_pd12m_img2dataset	ref_pd12m_full	2	249791	reference	0.4307425559368141	0.6560494066205868	0.8991720606291096	9510479.0	112409.0
flux_prompts_regpeter	pd12m_full_paired	ours_pd12m_img2dataset	ref_pd12m_full	0	249592	local	0.532933319106941	0.9998913781398436	0.28210281757278716	15723285.0	259890.0
flux_prompts_regpeter	pd12m_full_paired	ours_pd12m_img2dataset	ref_pd12m_full	0	249592	reference	0.4100785338689956	0.8999140076936757	0.6723433571524833	9503131.0	112426.0
flux_prompts_regpeter	pd12m_full_paired	ours_pd12m_img2dataset	ref_pd12m_full	1	249887	local	0.5330484619984528	0.9989288677679652	0.2823010764272731	15742076.0	259903.0
flux_prompts_regpeter	pd12m_full_paired	ours_pd12m_img2dataset	ref_pd12m_full	1	249887	reference	0.4103516700074088	0.9030097307079314	0.6717194800933295	9508630.0	112942.0
flux_prompts_regpeter	pd12m_full_paired	ours_pd12m_img2dataset	ref_pd12m_full	2	249791	local	0.5328906960740578	0.9997706871841218	0.28226868426795015	15736046.0	259779.0
flux_prompts_regpeter	pd12m_full_paired	ours_pd12m_img2dataset	ref_pd12m_full	2	249791	reference	0.40998192732109046	0.9044972467371961	0.6720191485623211	9510479.0	112409.0
pickapic_rankings	pd12m_full_paired	ours_pd12m_img2dataset	ref_pd12m_full	0	249592	local	0.5214605521383062	0.993954934802764	0.3059596642813476	15723285.0	259890.0
pickapic_rankings	pd12m_full_paired	ours_pd12m_img2dataset	ref_pd12m_full	0	249592	reference	0.5311138730642542	0.5949915434552506	0.5983561628267431	9503131.0	112426.0
pickapic_rankings	pd12m_full_paired	ours_pd12m_img2dataset	ref_pd12m_full	1	249887	local	0.5213932231135949	0.9961263571389464	0.3065344113444725	15742076.0	259903.0
pickapic_rankings	pd12m_full_paired	ours_pd12m_img2dataset	ref_pd12m_full	1	249887	reference	0.5309452609970253	0.614981722952171	0.598477593512406	9508630.0	112942.0
pickapic_rankings	pd12m_full_paired	ours_pd12m_img2dataset	ref_pd12m_full	2	249791	local	0.5214170360313762	0.9949151617654968	0.3063793153629538	15736046.0	259779.0
pickapic_rankings	pd12m_full_paired	ours_pd12m_img2dataset	ref_pd12m_full	2	249791	reference	0.5309604937973404	0.5904195537122333	0.5985516607522995	9510479.0	112409.0
sd_prompts_2m_andyyang	pd12m_full_paired	ours_pd12m_img2dataset	ref_pd12m_full	0	249592	local	0.33820192516872605	0.9902054271023291	0.9996389431343393	15723285.0	259890.0
sd_prompts_2m_andyyang	pd12m_full_paired	ours_pd12m_img2dataset	ref_pd12m_full	0	249592	reference	0.49200327434823554	0.5569547581662353	0.9999415981953735	9503131.0	112426.0
sd_prompts_2m_andyyang	pd12m_full_paired	ours_pd12m_img2dataset	ref_pd12m_full	1	249887	local	0.33813600874073685	0.9944546739965111	0.9996382306882527	15742076.0	259903.0
sd_prompts_2m_andyyang	pd12m_full_paired	ours_pd12m_img2dataset	ref_pd12m_full	1	249887	reference	0.49179319571547486	0.5719557785277674	0.9999380562709874	9508630.0	112942.0
sd_prompts_2m_andyyang	pd12m_full_paired	ours_pd12m_img2dataset	ref_pd12m_full	2	249791	local	0.33809201776733333	0.9945674838746521	0.9996448917345572	15736046.0	259779.0
sd_prompts_2m_andyyang	pd12m_full_paired	ours_pd12m_img2dataset	ref_pd12m_full	2	249791	reference	0.4919549044709963	0.5585237267499638	0.9999395403743598	9510479.0	112409.0
sd_prompts_dedup_xzuyn	pd12m_full_paired	ours_pd12m_img2dataset	ref_pd12m_full	0	249592	local	0.3342142661744416	0.9902094318268724	0.9999267964677869	15723285.0	259890.0
sd_prompts_dedup_xzuyn	pd12m_full_paired	ours_pd12m_img2dataset	ref_pd12m_full	0	249592	reference	0.4909885560058401	0.5562574872047936	0.9999901085231804	9503131.0	112426.0
sd_prompts_dedup_xzuyn	pd12m_full_paired	ours_pd12m_img2dataset	ref_pd12m_full	1	249887	local	0.33414384674258846	0.9944280041187145	0.9999249146046563	15742076.0	259903.0
sd_prompts_dedup_xzuyn	pd12m_full_paired	ours_pd12m_img2dataset	ref_pd12m_full	1	249887	reference	0.4907789073073657	0.5716160011789639	0.999987064382566	9508630.0	112942.0
sd_prompts_dedup_xzuyn	pd12m_full_paired	ours_pd12m_img2dataset	ref_pd12m_full	2	249791	local	0.3341156192731376	0.9945521194810257	0.9999295248628536	15736046.0	259779.0
sd_prompts_dedup_xzuyn	pd12m_full_paired	ours_pd12m_img2dataset	ref_pd12m_full	2	249791	reference	0.49095333271005115	0.5582505621772662	0.9999884338107468	9510479.0	112409.0
sdxl_refiner_prompts_falah	pd12m_full_paired	ours_pd12m_img2dataset	ref_pd12m_full	0	249592	local	0.6784498063990809	0.9966777408637856	0.012985390775527943	15723285.0	259890.0
sdxl_refiner_prompts_falah	pd12m_full_paired	ours_pd12m_img2dataset	ref_pd12m_full	0	249592	reference	0.6671635922565515	0.506644518272402	0.039887275046507256	9503131.0	112426.0
sdxl_refiner_prompts_falah	pd12m_full_paired	ours_pd12m_img2dataset	ref_pd12m_full	1	249887	local	0.6784661471959874	0.9999999999999973	0.012980181267070295	15742076.0	259903.0
sdxl_refiner_prompts_falah	pd12m_full_paired	ours_pd12m_img2dataset	ref_pd12m_full	1	249887	reference	0.6671804983914109	0.5431893687707305	0.03984927376498924	9508630.0	112942.0
sdxl_refiner_prompts_falah	pd12m_full_paired	ours_pd12m_img2dataset	ref_pd12m_full	2	249791	local	0.6784379953536168	0.999999999999997	0.012991319420392953	15736046.0	259779.0
sdxl_refiner_prompts_falah	pd12m_full_paired	ours_pd12m_img2dataset	ref_pd12m_full	2	249791	reference	0.6672617211875367	0.4988925802879081	0.03975456966993879	9510479.0	112409.0
