prompt_pool	comparison	role	surface	records	caption_mean_tokens	budget	budget_eligible_rate	ngram_n	caption_total_ngrams	prompt_total_ngrams	caption_unique_buckets	prompt_unique_buckets	overlap_buckets	caption_mass_on_prompt_support	prompt_mass_on_caption_support	jsd	kl_caption_to_prompt	kl_prompt_to_caption
pickapic_rankings	cc12m_qwen3vl8b_paired	local	ours_cc12m	114621	186.79190549724746	128	0.9647272314846319	1	14628299.0	99057.0	38465.0	7646.0	5935.0	0.8293619784501123	0.9251542041430282	0.3053547069845488	5.909971366117823	4.590216812446954
pickapic_rankings	cc12m_llavanext_paired	local	ours_cc12m	250000	184.079312	128	0.945212	1	31830701.0	99057.0	75016.0	7646.0	6719.0	0.825831922457498	0.9685231735245476	0.2983725885639131	5.9509214157670645	3.2472272316001485
pickapic_rankings	cc12m_pixelprose_paired	local	ours_cc12m	250000	183.960124	128	0.945312	1	31831516.0	99057.0	74929.0	7646.0	6709.0	0.8257748389991795	0.9676045105325345	0.29841365280330534	5.952738082297233	3.2737572437556945
pickapic_rankings	cc12m_qwen3vl8b_paired	local	ours_cc12m	114621	186.79190549724746	128	0.9647272314846319	2	14513678.0	91645.0	259963.0	26137.0	25990.0	0.32509430070034234	0.9944459599541627	0.5104356986548192	18.984536210042155	3.7841499726387346
pickapic_rankings	cc12m_llavanext_paired	local	ours_cc12m	250000	184.079312	128	0.945212	2	31580701.0	91645.0	262108.0	26137.0	26135.0	0.3223438263767466	0.999978176659937	0.5072488476066063	18.992439007765796	3.502409305957841
pickapic_rankings	cc12m_pixelprose_paired	local	ours_cc12m	250000	183.960124	128	0.945312	2	31581516.0	91645.0	262107.0	26137.0	26135.0	0.32225957740597216	0.9999672649899061	0.5072836009137841	18.99452484140204	3.504151550512147
pickapic_rankings	cc12m_qwen3vl8b_paired	local	ours_cc12m	114621	186.79190549724746	128	0.9647272314846319	3	14399057.0	84233.0	262144.0	33103.0	33103.0	0.16095491531146738	0.9999999999999997	0.528486409867738	22.50807064634134	3.068037072096714
pickapic_rankings	cc12m_llavanext_paired	local	ours_cc12m	250000	184.079312	128	0.945212	3	31330701.0	84233.0	262144.0	33103.0	33103.0	0.1600694156188843	0.9999999999999997	0.5274373511302296	22.506022809782632	3.039881517148248
pickapic_rankings	cc12m_pixelprose_paired	local	ours_cc12m	250000	183.960124	128	0.945312	3	31331516.0	84233.0	262144.0	33103.0	33103.0	0.16008587008684785	0.9999999999999997	0.5274150076412025	22.505280441517904	3.0379586525764233
pickapic_rankings	cc12m_qwen3vl8b_paired	local	ours_cc12m	114621	186.79190549724746	64	0.9999302047617801	1	7335606.0	99057.0	29379.0	7646.0	5571.0	0.8290363468266679	0.909446076499298	0.301599984193411	5.914193859036037	4.954793216816447
pickapic_rankings	cc12m_llavanext_paired	local	ours_cc12m	250000	184.079312	64	0.999696	1	15998159.0	99057.0	51961.0	7646.0	6386.0	0.8274615222913961	0.9454253611537209	0.29417787189100153	5.899662977684851	3.831428632361139
pickapic_rankings	cc12m_pixelprose_paired	local	ours_cc12m	250000	183.960124	64	0.999728	1	15998284.0	99057.0	51878.0	7646.0	6368.0	0.8273942380320164	0.9449710772565711	0.2942160194652993	5.901592462053444	3.844905827420209
pickapic_rankings	cc12m_qwen3vl8b_paired	local	ours_cc12m	114621	186.79190549724746	64	0.9999302047617801	2	7220985.0	91645.0	250087.0	26137.0	25283.0	0.3263546455227284	0.9736264935347793	0.5104044916643568	18.99862115015883	4.383887656534732
pickapic_rankings	cc12m_llavanext_paired	local	ours_cc12m	250000	184.079312	64	0.999696	2	15748159.0	91645.0	261199.0	26137.0	26093.0	0.3257106433837723	0.9983414261552673	0.506493473172702	18.93795659176031	3.5735126318728074
pickapic_rankings	cc12m_pixelprose_paired	local	ours_cc12m	250000	183.960124	64	0.999728	2	15748284.0	91645.0	261216.0	26137.0	26077.0	0.32557128129007223	0.9986578645861685	0.5065728370148138	18.94107204615095	3.5681443424485577
pickapic_rankings	cc12m_qwen3vl8b_paired	local	ours_cc12m	114621	186.79190549724746	64	0.9999302047617801	3	7106364.0	84233.0	262134.0	33103.0	33103.0	0.1612667181135093	0.9999999999999997	0.5305747214854901	22.553763493737176	3.1065033671170217
pickapic_rankings	cc12m_llavanext_paired	local	ours_cc12m	250000	184.079312	64	0.999696	3	15498159.0	84233.0	262144.0	33103.0	33103.0	0.15975807191034705	0.9999999999999997	0.5288112482941015	22.557877373645166	3.062731733785993
pickapic_rankings	cc12m_pixelprose_paired	local	ours_cc12m	250000	183.960124	64	0.999728	3	15498284.0	84233.0	262144.0	33103.0	33103.0	0.15979517474321625	0.9999999999999997	0.5287755123829728	22.556136902920695	3.062084919959693
pickapic_rankings	danbooru2023_florence2_paired	local	ours_danbooru2023	250000	164.522212	128	0.832852	1	31324484.0	99057.0	89053.0	7646.0	6432.0	0.8419938856774083	0.9406907134260322	0.31689183423173484	5.734327459359357	4.303578944105161
pickapic_rankings	danbooru2023_florence2_paired	local	ours_danbooru2023	250000	164.522212	128	0.832852	2	31074484.0	91645.0	261622.0	26137.0	26110.0	0.36250960756097955	0.9994762398385028	0.5240533210702032	18.509563715458317	3.91244462350509
pickapic_rankings	danbooru2023_florence2_paired	local	ours_danbooru2023	250000	164.522212	128	0.832852	3	30824491.0	84233.0	262144.0	33103.0	33103.0	0.1640550041848215	0.9999999999999997	0.541738704791793	22.82516210647724	3.277418830399142
pickapic_rankings	danbooru2023_florence2_paired	local	ours_danbooru2023	250000	164.522212	64	0.998712	1	15994777.0	99057.0	52322.0	7646.0	5945.0	0.8383426039637687	0.9168357612264855	0.3246597546301452	5.910578456209331	5.002973339067284
pickapic_rankings	danbooru2023_florence2_paired	local	ours_danbooru2023	250000	164.522212	64	0.998712	2	15744777.0	91645.0	255641.0	26137.0	25730.0	0.3715282852211836	0.9896666484805082	0.5308391656089957	18.47064278772173	4.342262843042544
pickapic_rankings	danbooru2023_florence2_paired	local	ours_danbooru2023	250000	164.522212	64	0.998712	3	15494784.0	84233.0	262142.0	33103.0	33102.0	0.16335710133164758	0.999988128168295	0.5497739144057305	23.07835846946772	3.408310626806205
pickapic_rankings	datacomp_recap_llava15_paired_url	local	ours_datacomp_forward	250000	175.39386	128	0.912888	1	31734262.0	99057.0	96086.0	7646.0	6857.0	0.812565768821087	0.9728943941351045	0.312116942482612	6.401865413123376	3.1891675695598467
pickapic_rankings	datacomp_recap_llava15_paired_url	local	ours_datacomp_forward	250000	175.39386	128	0.912888	2	31484262.0	91645.0	262132.0	26137.0	26136.0	0.3064273826713788	0.9999890883299687	0.5157998423749219	19.496748777255394	3.5489309417274137
pickapic_rankings	datacomp_recap_llava15_paired_url	local	ours_datacomp_forward	250000	175.39386	128	0.912888	3	31234263.0	84233.0	262144.0	33103.0	33103.0	0.1559522630644429	0.9999999999999997	0.5309367789406955	22.66600584913727	3.063231075694947
pickapic_rankings	datacomp_recap_llava15_paired_url	local	ours_datacomp_forward	250000	175.39386	64	0.99978	1	15998313.0	99057.0	65036.0	7646.0	6485.0	0.8127370679645912	0.961779581451214	0.30903158236422384	6.400025778471746	3.460007618324011
pickapic_rankings	datacomp_recap_llava15_paired_url	local	ours_datacomp_forward	250000	175.39386	64	0.99978	2	15748313.0	91645.0	261519.0	26137.0	26092.0	0.3061872087505467	0.9988324513066689	0.5149982053554305	19.522760426651402	3.6012096499679385
pickapic_rankings	datacomp_recap_llava15_paired_url	local	ours_datacomp_forward	250000	175.39386	64	0.99978	3	15498314.0	84233.0	262144.0	33103.0	33103.0	0.15361896784385673	0.9999999999999997	0.5314170862749925	22.752972897730665	3.074140722001501
pickapic_rankings	laion_pop_llama32_paired	local	ours_laion_pop	250000	182.806372	128	0.950208	1	31852666.0	99057.0	51346.0	7646.0	6286.0	0.8360787759492345	0.9503619128360662	0.3016507264095686	5.738299111055164	3.8714378318909803
pickapic_rankings	laion_pop_llama32_paired	local	ours_laion_pop	250000	182.806372	128	0.950208	2	31602666.0	91645.0	261968.0	26137.0	26123.0	0.325375143983104	0.9996180915489103	0.5109829710171268	19.002855962523007	3.6124315938734606
pickapic_rankings	laion_pop_llama32_paired	local	ours_laion_pop	250000	182.806372	128	0.950208	3	31352667.0	84233.0	262144.0	33103.0	33103.0	0.1604962665536554	0.9999999999999997	0.5291463829966352	22.52797420832328	3.06408701747195
pickapic_rankings	laion_pop_llama32_paired	local	ours_laion_pop	250000	182.806372	64	0.999888	1	15999370.0	99057.0	35999.0	7646.0	5888.0	0.8388235911788899	0.9227010710983989	0.2966140701338238	5.661249221800539	4.564648203161281
pickapic_rankings	laion_pop_llama32_paired	local	ours_laion_pop	250000	182.806372	64	0.999888	2	15749370.0	91645.0	259787.0	26137.0	25974.0	0.329483655536694	0.9944132249440678	0.5110164056031694	18.955197548017445	3.7950124797659113
pickapic_rankings	laion_pop_llama32_paired	local	ours_laion_pop	250000	182.806372	64	0.999888	3	15499371.0	84233.0	262144.0	33103.0	33103.0	0.1605459344124347	0.9999999999999997	0.5316043396167213	22.595313429227268	3.104592621113232
pickapic_rankings	pd12m_full_paired	local	ours_pd12m_img2dataset	250000	188.886032	128	0.945092	1	31844201.0	99057.0	99917.0	7646.0	6534.0	0.8070374885524624	0.9497562009736914	0.32499092544626856	6.61857922286059	4.211964667738572
pickapic_rankings	pd12m_full_paired	local	ours_pd12m_img2dataset	250000	188.886032	128	0.945092	2	31594201.0	91645.0	262039.0	26137.0	26131.0	0.3062489853755109	0.9999127066397501	0.5209680756298264	19.571090775481558	3.7368035138094418
pickapic_rankings	pd12m_full_paired	local	ours_pd12m_img2dataset	250000	188.886032	128	0.945092	3	31344201.0	84233.0	262144.0	33103.0	33103.0	0.15562508675847236	0.9999999999999997	0.5324042645360286	22.690497854880203	3.097206392165799
pickapic_rankings	pd12m_full_paired	local	ours_pd12m_img2dataset	250000	188.886032	64	0.999892	1	15998980.0	99057.0	61883.0	7646.0	5945.0	0.807579545696026	0.9143624377865489	0.32280009014119215	6.619383231325185	5.160006010600098
pickapic_rankings	pd12m_full_paired	local	ours_pd12m_img2dataset	250000	188.886032	64	0.999892	2	15748980.0	91645.0	259819.0	26137.0	25974.0	0.30629977306466505	0.9948824267554037	0.5214597288791263	19.62372323440415	3.9407517192939387
pickapic_rankings	pd12m_full_paired	local	ours_pd12m_img2dataset	250000	188.886032	64	0.999892	3	15498980.0	84233.0	262144.0	33103.0	33103.0	0.1541518861241188	0.9999999999999997	0.5337149166739603	22.768424862977916	3.127743118083048
pickapic_rankings	cc12m_llavanext_paired	reference	ref_cc12m_llavanext	250000	72.323884	128	0.067772	1	17570707.0	99057.0	67544.0	7646.0	6639.0	0.868467216487065	0.9589024501026294	0.2800672451694338	4.6607094111404965	3.338711517479558
pickapic_rankings	cc12m_llavanext_paired	reference	ref_cc12m_llavanext	250000	72.323884	128	0.067772	2	17320707.0	91645.0	258849.0	26137.0	25929.0	0.43515400381750674	0.9946096350046166	0.4935512026611786	16.34591465305408	3.8816428785557497
pickapic_rankings	cc12m_llavanext_paired	reference	ref_cc12m_llavanext	250000	72.323884	128	0.067772	3	17070707.0	84233.0	262144.0	33103.0	33103.0	0.20902250855808022	0.9999999999999997	0.5333850003226431	21.704034040079023	3.2877993385599193
pickapic_rankings	cc12m_llavanext_paired	reference	ref_cc12m_llavanext	250000	72.323884	64	0.577772	1	13000071.0	99057.0	58620.0	7646.0	6501.0	0.8749691443992716	0.9519872396681613	0.27646184659158	4.459282338965368	3.5129338804430286
pickapic_rankings	cc12m_llavanext_paired	reference	ref_cc12m_llavanext	250000	72.323884	64	0.577772	2	12750071.0	91645.0	254431.0	26137.0	25641.0	0.44512497224524566	0.9841562551148063	0.4911014804359468	16.066835289037332	4.178842679717986
pickapic_rankings	cc12m_llavanext_paired	reference	ref_cc12m_llavanext	250000	72.323884	64	0.577772	3	12500071.0	84233.0	262137.0	33103.0	33102.0	0.21378678569105555	0.9999881281682949	0.5323018608045282	21.568697333698836	3.2907923633733867
pickapic_rankings	cc12m_qwen3vl8b_paired	reference	ref_cc12m_qwen3vl8b	114621	11.571143158757994	128	0.0	1	1326296.0	99057.0	13187.0	7646.0	4422.0	0.8924041088865339	0.8372351272478846	0.3112994724807452	4.3289339458222535	6.874676550216813
pickapic_rankings	cc12m_qwen3vl8b_paired	reference	ref_cc12m_qwen3vl8b	114621	11.571143158757994	128	0.0	2	1211675.0	91645.0	124246.0	26137.0	15185.0	0.41697484886617053	0.6361721861526266	0.5201965598968932	17.186366199869568	13.590521016444313
pickapic_rankings	cc12m_qwen3vl8b_paired	reference	ref_cc12m_qwen3vl8b	114621	11.571143158757994	128	0.0	3	1097054.0	84233.0	206520.0	33103.0	26581.0	0.20620315864121472	0.8050526515735573	0.5491993162936573	22.016749899247646	8.729581778538149
pickapic_rankings	cc12m_qwen3vl8b_paired	reference	ref_cc12m_qwen3vl8b	114621	11.571143158757994	64	0.0	1	1326296.0	99057.0	13187.0	7646.0	4422.0	0.8924041088865339	0.8372351272478846	0.3112994724807452	4.3289339458222535	6.874676550216813
pickapic_rankings	cc12m_qwen3vl8b_paired	reference	ref_cc12m_qwen3vl8b	114621	11.571143158757994	64	0.0	2	1211675.0	91645.0	124246.0	26137.0	15185.0	0.41697484886617053	0.6361721861526266	0.5201965598968932	17.186366199869568	13.590521016444313
pickapic_rankings	cc12m_qwen3vl8b_paired	reference	ref_cc12m_qwen3vl8b	114621	11.571143158757994	64	0.0	3	1097054.0	84233.0	206520.0	33103.0	26581.0	0.20620315864121472	0.8050526515735573	0.5491993162936573	22.016749899247646	8.729581778538149
pickapic_rankings	danbooru2023_florence2_paired	reference	ref_danbooru_florence2	250000	43.72852	128	1.2e-05	1	10932124.0	99057.0	14668.0	7646.0	4010.0	0.9660239858237754	0.8258073634351756	0.34267222138265496	2.6197733168727604	8.284133017150696
pickapic_rankings	danbooru2023_florence2_paired	reference	ref_danbooru_florence2	250000	43.72852	128	1.2e-05	2	10682124.0	91645.0	79295.0	26137.0	11071.0	0.6327062857536441	0.5080037099672225	0.5558016958406894	13.123071107669235	18.955617056546195
pickapic_rankings	danbooru2023_florence2_paired	reference	ref_danbooru_florence2	250000	43.72852	128	1.2e-05	3	10432124.0	84233.0	160767.0	33103.0	21433.0	0.3147085866694021	0.6607149217051219	0.613761262791877	21.719705520075493	14.690420347012187
pickapic_rankings	danbooru2023_florence2_paired	reference	ref_danbooru_florence2	250000	43.72852	64	0.175664	1	10512467.0	99057.0	14504.0	7646.0	3994.0	0.9671786841280694	0.8252016515723086	0.3437934529583877	2.599863012276885	8.306771640700495
pickapic_rankings	danbooru2023_florence2_paired	reference	ref_danbooru_florence2	250000	43.72852	64	0.175664	2	10262467.0	91645.0	78188.0	26137.0	10950.0	0.6365905001204739	0.5028424900425158	0.5561425183634257	13.03920801085748	19.076369599712102
pickapic_rankings	danbooru2023_florence2_paired	reference	ref_danbooru_florence2	250000	43.72852	64	0.175664	3	10012467.0	84233.0	158691.0	33103.0	21175.0	0.31630526222957345	0.654790877684364	0.6141198981377912	21.710477196473143	14.837409491624404
pickapic_rankings	datacomp_recap_llava15_paired_url	reference	ref_datacomp_recap_llava15_llama3_8b	250000	50.780576	128	2.8e-05	1	12694582.0	99057.0	65366.0	7646.0	6352.0	0.8943740723404501	0.9542384687585452	0.2954624446845528	4.040838075085763	3.672198001022947
pickapic_rankings	datacomp_recap_llava15_paired_url	reference	ref_datacomp_recap_llava15_llama3_8b	250000	50.780576	128	2.8e-05	2	12444582.0	91645.0	246945.0	26137.0	25114.0	0.47719449315371965	0.9699601724043064	0.506756581467938	15.514830314519688	4.87669277549627
pickapic_rankings	datacomp_recap_llava15_paired_url	reference	ref_datacomp_recap_llava15_llama3_8b	250000	50.780576	128	2.8e-05	3	12194586.0	84233.0	262063.0	33103.0	33090.0	0.2232216001428811	0.9997625633659014	0.5448141989437815	21.637971388178414	3.505915519565273
pickapic_rankings	datacomp_recap_llava15_paired_url	reference	ref_datacomp_recap_llava15_llama3_8b	250000	50.780576	64	0.262244	1	11780424.0	99057.0	61952.0	7646.0	6298.0	0.8953514746158353	0.950503245604175	0.29595037870740326	4.02160684981977	3.7873503103198947
pickapic_rankings	datacomp_recap_llava15_paired_url	reference	ref_datacomp_recap_llava15_llama3_8b	250000	50.780576	64	0.262244	2	11530424.0	91645.0	243501.0	26137.0	24882.0	0.47842100169082263	0.9635877571061258	0.507222659779849	15.498545449821904	5.0763457867007515
pickapic_rankings	datacomp_recap_llava15_paired_url	reference	ref_datacomp_recap_llava15_llama3_8b	250000	50.780576	64	0.262244	3	11280428.0	84233.0	262010.0	33103.0	33084.0	0.22393972994641467	0.9993945365830494	0.5452489015249533	21.633238358994355	3.530584826533122
pickapic_rankings	laion_pop_llama32_paired	reference	ref_laion_pop_llama32_11b	250000	180.428212	128	0.88804	1	31590388.0	99057.0	66129.0	7646.0	6637.0	0.8791668845599424	0.9728237277508012	0.2887551163578992	4.493416862460574	3.0780204101123347
pickapic_rankings	laion_pop_llama32_paired	reference	ref_laion_pop_llama32_11b	250000	180.428212	128	0.88804	2	31340388.0	91645.0	260519.0	26137.0	26050.0	0.4250528104502064	0.9931365595504409	0.5024122475057002	16.7598921317216	4.001476177334583
pickapic_rankings	laion_pop_llama32_paired	reference	ref_laion_pop_llama32_11b	250000	180.428212	128	0.88804	3	31090388.0	84233.0	262144.0	33103.0	33103.0	0.20545510721834614	0.9999999999999997	0.5352387367777989	21.80576642253789	3.259880760759847
pickapic_rankings	laion_pop_llama32_paired	reference	ref_laion_pop_llama32_11b	250000	180.428212	64	0.999832	1	15999633.0	99057.0	50979.0	7646.0	6413.0	0.8829681280814246	0.9573074088635838	0.2785068333060907	4.343925202166647	3.3862212726272287
pickapic_rankings	laion_pop_llama32_paired	reference	ref_laion_pop_llama32_11b	250000	180.428212	64	0.999832	2	15749633.0	91645.0	253732.0	26137.0	25637.0	0.4283026150514058	0.9824976812700765	0.49645647019026656	16.64439781423993	4.263063530992374
pickapic_rankings	laion_pop_llama32_paired	reference	ref_laion_pop_llama32_11b	250000	180.428212	64	0.999832	3	15499633.0	84233.0	262142.0	33103.0	33103.0	0.20674805655075712	0.9999999999999998	0.5334234906929656	21.755599001385985	3.262143833534221
pickapic_rankings	pd12m_full_paired	reference	ref_pd12m_full	250000	39.709492	128	4.4e-05	1	9926889.0	99057.0	22649.0	7646.0	4514.0	0.9509048605257655	0.8251309851883899	0.3266502750101955	2.839611455621545	8.138260194598315
pickapic_rankings	pd12m_full_paired	reference	ref_pd12m_full	250000	39.709492	128	4.4e-05	2	9676889.0	91645.0	114079.0	26137.0	14279.0	0.5972806963064132	0.6027933875274816	0.5308168202760075	13.475757116939981	16.007188799506714
pickapic_rankings	pd12m_full_paired	reference	ref_pd12m_full	250000	39.709492	128	4.4e-05	3	9426889.0	84233.0	209629.0	33103.0	27033.0	0.3131688513570013	0.8181828974391882	0.5881771383234834	20.886126908191873	9.813557231182367
pickapic_rankings	pd12m_full_paired	reference	ref_pd12m_full	250000	39.709492	64	0.070332	1	9767916.0	99057.0	22398.0	7646.0	4480.0	0.9512091422571362	0.8236671815197963	0.3274438908646758	2.8375940279836844	8.193999509202552
pickapic_rankings	pd12m_full_paired	reference	ref_pd12m_full	250000	39.709492	64	0.070332	2	9517916.0	91645.0	112935.0	26137.0	14156.0	0.5983487351642806	0.6000982050297956	0.5310706848223943	13.458627149386073	16.077257231919795
pickapic_rankings	pd12m_full_paired	reference	ref_pd12m_full	250000	39.709492	64	0.070332	3	9267916.0	84233.0	208384.0	33103.0	26872.0	0.3140203256050173	0.8136122422327958	0.588511636072588	20.88020209693745	9.938550822473319
pickapic_rankings	cc12m_pixelprose_paired	reference	ref_pixelprose_cc12m	250000	89.339256	128	0.137448	1	20828915.0	99057.0	71789.0	7646.0	6723.0	0.9088848362960713	0.9701686907519655	0.28659453418927466	3.697687978347453	3.126248618608417
pickapic_rankings	cc12m_pixelprose_paired	reference	ref_pixelprose_cc12m	250000	89.339256	128	0.137448	2	20578915.0	91645.0	257846.0	26137.0	25868.0	0.5093036732014248	0.9927110044191999	0.4957595513051719	14.758893548774227	4.05720643799903
pickapic_rankings	cc12m_pixelprose_paired	reference	ref_pixelprose_cc12m	250000	89.339256	128	0.137448	3	20328915.0	84233.0	262143.0	33103.0	33103.0	0.25490342204687116	0.9999999999999997	0.5395195046004387	20.869050017018687	3.393857506114373
pickapic_rankings	cc12m_pixelprose_paired	reference	ref_pixelprose_cc12m	250000	89.339256	64	0.723872	1	14961546.0	99057.0	59381.0	7646.0	6558.0	0.9048798165643963	0.9658782317232116	0.2892313065621144	3.851415968244977	3.2759444395940958
pickapic_rankings	cc12m_pixelprose_paired	reference	ref_pixelprose_cc12m	250000	89.339256	64	0.723872	2	14711546.0	91645.0	251645.0	26137.0	25499.0	0.5039526777131308	0.9828032080309236	0.494533973178774	14.928105357719456	4.347649975446363
pickapic_rankings	cc12m_pixelprose_paired	reference	ref_pixelprose_cc12m	250000	89.339256	64	0.723872	3	14461546.0	84233.0	262136.0	33103.0	33102.0	0.2527951714152808	0.9999881281682947	0.5382126557355178	20.912771362579107	3.3930031194875574
sd_prompts_2m_andyyang	cc12m_qwen3vl8b_paired	local	ours_cc12m	114621	186.79190549724746	128	0.9647272314846319	1	14628299.0	23276418.0	38465.0	102547.0	30442.0	0.9954341923144893	0.8851713781733863	0.30478716686807406	1.6379578744854923	5.801264699558565
sd_prompts_2m_andyyang	cc12m_llavanext_paired	local	ours_cc12m	250000	184.079312	128	0.945212	1	31830701.0	23276418.0	75016.0	102547.0	48945.0	0.9941932475819448	0.9372411597007683	0.2972124764425179	1.6455897089090668	4.259483838552852
sd_prompts_2m_andyyang	cc12m_pixelprose_paired	local	ours_cc12m	250000	183.960124	128	0.945312	1	31831516.0	23276418.0	74929.0	102547.0	48999.0	0.9941927993627402	0.9395315894395709	0.2972461404539579	1.6456741208789887	4.197287589894191
sd_prompts_2m_andyyang	cc12m_qwen3vl8b_paired	local	ours_cc12m	114621	186.79190549724746	128	0.9647272314846319	2	14513678.0	22276418.0	259963.0	261975.0	259795.0	0.9997587792701482	0.9901621077499986	0.32205530169244456	1.7283091824803183	2.5912859817730087
sd_prompts_2m_andyyang	cc12m_llavanext_paired	local	ours_cc12m	250000	184.079312	128	0.945212	2	31580701.0	22276418.0	262108.0	261975.0	261939.0	0.9997256552348227	0.9999342802779161	0.3114558811257192	1.686512083813404	2.1999139617084538
sd_prompts_2m_andyyang	cc12m_pixelprose_paired	local	ours_cc12m	250000	183.960124	128	0.945312	2	31581516.0	22276418.0	262107.0	261975.0	261938.0	0.9997291770287412	0.9998744861045438	0.311475049785214	1.6865668950264914	2.2051566949019077
sd_prompts_2m_andyyang	cc12m_qwen3vl8b_paired	local	ours_cc12m	114621	186.79190549724746	128	0.9647272314846319	3	14399057.0	21276418.0	262144.0	262144.0	262144.0	1.0000000000000007	1.0000000000000007	0.176578876024957	0.8576960726331883	1.0490772846573182
sd_prompts_2m_andyyang	cc12m_llavanext_paired	local	ours_cc12m	250000	184.079312	128	0.945212	3	31330701.0	21276418.0	262144.0	262144.0	262144.0	1.0000000000000007	1.0000000000000007	0.1713570456820152	0.8356716292499308	1.0189483070307892
sd_prompts_2m_andyyang	cc12m_pixelprose_paired	local	ours_cc12m	250000	183.960124	128	0.945312	3	31331516.0	21276418.0	262144.0	262144.0	262144.0	1.0000000000000004	1.0000000000000007	0.17130953802806181	0.8354813480046261	1.018986022997578
sd_prompts_2m_andyyang	cc12m_qwen3vl8b_paired	local	ours_cc12m	114621	186.79190549724746	64	0.9999302047617801	1	7335606.0	23276418.0	29379.0	102547.0	24786.0	0.9961977238144791	0.863282615048407	0.3052152204801176	1.6148540287011621	6.33809390211602
sd_prompts_2m_andyyang	cc12m_llavanext_paired	local	ours_cc12m	250000	184.079312	64	0.999696	1	15998159.0	23276418.0	51961.0	102547.0	38323.0	0.9955346737083842	0.909008121438609	0.2973757157356799	1.596516012789111	4.997794049379651
sd_prompts_2m_andyyang	cc12m_pixelprose_paired	local	ours_cc12m	250000	183.960124	64	0.999728	1	15998284.0	23276418.0	51878.0	102547.0	38319.0	0.9955226448036458	0.9092185060433191	0.29746955966140187	1.5970136348530573	4.990648935066055
sd_prompts_2m_andyyang	cc12m_qwen3vl8b_paired	local	ours_cc12m	114621	186.79190549724746	64	0.9999302047617801	2	7220985.0	22276418.0	250087.0	261975.0	249926.0	0.9997708068913029	0.9660174270387639	0.3265323894829527	1.7477914835400161	3.2693576168272553
sd_prompts_2m_andyyang	cc12m_llavanext_paired	local	ours_cc12m	250000	184.079312	64	0.999696	2	15748159.0	22276418.0	261199.0	261975.0	261031.0	0.9997468275498111	0.997870438595649	0.3137628895084301	1.6911099139542418	2.2805723709603107
sd_prompts_2m_andyyang	cc12m_pixelprose_paired	local	ours_cc12m	250000	183.960124	64	0.999728	2	15748284.0	22276418.0	261216.0	261975.0	261048.0	0.9997520999748295	0.998378150383065	0.31374838563481117	1.6906348574957355	2.267304878148813
sd_prompts_2m_andyyang	cc12m_qwen3vl8b_paired	local	ours_cc12m	114621	186.79190549724746	64	0.9999302047617801	3	7106364.0	21276418.0	262134.0	262144.0	262134.0	0.9999999999999994	0.9999807298390176	0.18291632943624941	0.8943910629705338	1.0846276740205067
sd_prompts_2m_andyyang	cc12m_llavanext_paired	local	ours_cc12m	250000	184.079312	64	0.999696	3	15498159.0	21276418.0	262144.0	262144.0	262144.0	1.0000000000000007	1.0000000000000007	0.17559414552692865	0.8626468144426916	1.0399289464419723
sd_prompts_2m_andyyang	cc12m_pixelprose_paired	local	ours_cc12m	250000	183.960124	64	0.999728	3	15498284.0	21276418.0	262144.0	262144.0	262144.0	1.0000000000000007	1.0000000000000007	0.17551138730117313	0.8619494382365993	1.0405447638671614
sd_prompts_2m_andyyang	danbooru2023_florence2_paired	local	ours_danbooru2023	250000	164.522212	128	0.832852	1	31324484.0	23276418.0	89053.0	102547.0	49490.0	0.9902262715644369	0.9315995700025603	0.33177725898639565	2.0802582290832117	4.742715111926394
sd_prompts_2m_andyyang	danbooru2023_florence2_paired	local	ours_danbooru2023	250000	164.522212	128	0.832852	2	31074484.0	22276418.0	261622.0	261975.0	261454.0	0.9998042123563504	0.9989110457525089	0.3674221790916278	2.1971021209263006	2.6842809896013633
sd_prompts_2m_andyyang	danbooru2023_florence2_paired	local	ours_danbooru2023	250000	164.522212	128	0.832852	3	30824491.0	21276418.0	262144.0	262144.0	262144.0	1.0000000000000004	1.0000000000000007	0.22087395393098447	1.2250230494265975	1.2587604428367343
sd_prompts_2m_andyyang	danbooru2023_florence2_paired	local	ours_danbooru2023	250000	164.522212	64	0.998712	1	15994777.0	23276418.0	52322.0	102547.0	35493.0	0.9907934946514012	0.895037157349547	0.3417605253108733	2.1359531520735238	5.8174063136112775
sd_prompts_2m_andyyang	danbooru2023_florence2_paired	local	ours_danbooru2023	250000	164.522212	64	0.998712	2	15744777.0	22276418.0	255641.0	261975.0	255479.0	0.999819876775645	0.9865183441969894	0.3846356091166725	2.359883891616779	3.190409686637792
sd_prompts_2m_andyyang	danbooru2023_florence2_paired	local	ours_danbooru2023	250000	164.522212	64	0.998712	3	15494784.0	21276418.0	262142.0	262144.0	262142.0	1.0000000000000004	0.9999977439811539	0.24344876234252066	1.4322010759947743	1.3803858426073516
sd_prompts_2m_andyyang	datacomp_recap_llava15_paired_url	local	ours_datacomp_forward	250000	175.39386	128	0.912888	1	31734262.0	23276418.0	96086.0	102547.0	55930.0	0.991569269832078	0.938097305178136	0.3068781085876462	1.825553650078889	4.266378439578441
sd_prompts_2m_andyyang	datacomp_recap_llava15_paired_url	local	ours_datacomp_forward	250000	175.39386	128	0.912888	2	31484262.0	22276418.0	262132.0	261975.0	261963.0	0.9997011205153868	0.9999716291910132	0.3190167845533905	1.8068822722491338	2.2297294814123205
sd_prompts_2m_andyyang	datacomp_recap_llava15_paired_url	local	ours_datacomp_forward	250000	175.39386	128	0.912888	3	31234263.0	21276418.0	262144.0	262144.0	262144.0	1.0000000000000007	1.0000000000000007	0.17608424643772427	0.8969493740230541	1.0389736419655953
sd_prompts_2m_andyyang	datacomp_recap_llava15_paired_url	local	ours_datacomp_forward	250000	175.39386	64	0.99978	1	15998313.0	23276418.0	65036.0	102547.0	43180.0	0.9935586958449842	0.9198787373555432	0.30788785836777227	1.7623035749229052	4.740727135218251
sd_prompts_2m_andyyang	datacomp_recap_llava15_paired_url	local	ours_datacomp_forward	250000	175.39386	64	0.99978	2	15748313.0	22276418.0	261519.0	261975.0	261350.0	0.9997185730306481	0.9987848584992443	0.3198584236414374	1.7988871242756665	2.2776768975353936
sd_prompts_2m_andyyang	datacomp_recap_llava15_paired_url	local	ours_datacomp_forward	250000	175.39386	64	0.99978	3	15498314.0	21276418.0	262144.0	262144.0	262144.0	1.0000000000000004	1.0000000000000007	0.17750785567076866	0.9079402439573162	1.0482252941882608
sd_prompts_2m_andyyang	laion_pop_llama32_paired	local	ours_laion_pop	250000	182.806372	128	0.950208	1	31852666.0	23276418.0	51346.0	102547.0	36976.0	0.9955054311623354	0.91131951660259	0.30028350970084394	1.6201445223192525	5.10706910747238
sd_prompts_2m_andyyang	laion_pop_llama32_paired	local	ours_laion_pop	250000	182.806372	128	0.950208	2	31602666.0	22276418.0	261968.0	261975.0	261799.0	0.9997511602343935	0.9993427129981135	0.32101960795298046	1.7468548345478432	2.2944164858017713
sd_prompts_2m_andyyang	laion_pop_llama32_paired	local	ours_laion_pop	250000	182.806372	128	0.950208	3	31352667.0	21276418.0	262144.0	262144.0	262144.0	1.0000000000000004	1.0000000000000007	0.17648899843955956	0.8662679058309088	1.0408196283183357
sd_prompts_2m_andyyang	laion_pop_llama32_paired	local	ours_laion_pop	250000	182.806372	64	0.999888	1	15999370.0	23276418.0	35999.0	102547.0	28809.0	0.9966638061373573	0.883631063851827	0.29975785355964313	1.5764799782027579	5.807371730205455
sd_prompts_2m_andyyang	laion_pop_llama32_paired	local	ours_laion_pop	250000	182.806372	64	0.999888	2	15749370.0	22276418.0	259787.0	261975.0	259619.0	0.9997577045938987	0.989705301812886	0.32482121507647677	1.7684620903061778	2.5913324744184885
sd_prompts_2m_andyyang	laion_pop_llama32_paired	local	ours_laion_pop	250000	182.806372	64	0.999888	3	15499371.0	21276418.0	262144.0	262144.0	262144.0	1.0000000000000004	1.0000000000000007	0.18287506472240417	0.9124681688544695	1.0707062622370649
sd_prompts_2m_andyyang	pd12m_full_paired	local	ours_pd12m_img2dataset	250000	188.886032	128	0.945092	1	31844201.0	23276418.0	99917.0	102547.0	54274.0	0.9918141453761034	0.9172758454500978	0.32048100809757885	1.890138357990916	5.241346378350424
sd_prompts_2m_andyyang	pd12m_full_paired	local	ours_pd12m_img2dataset	250000	188.886032	128	0.945092	2	31594201.0	22276418.0	262039.0	261975.0	261870.0	0.999663545851342	0.9997389167324842	0.33252503970798575	1.8564272750284485	2.4035262146422713
sd_prompts_2m_andyyang	pd12m_full_paired	local	ours_pd12m_img2dataset	250000	188.886032	128	0.945092	3	31344201.0	21276418.0	262144.0	262144.0	262144.0	1.0000000000000007	1.0000000000000007	0.18174584421838968	0.9060505330079077	1.0693832410444484
sd_prompts_2m_andyyang	pd12m_full_paired	local	ours_pd12m_img2dataset	250000	188.886032	64	0.999892	1	15998980.0	23276418.0	61883.0	102547.0	39081.0	0.9933773903086229	0.877567888667399	0.3225630508122902	1.8580044109072391	6.316376495643919
sd_prompts_2m_andyyang	pd12m_full_paired	local	ours_pd12m_img2dataset	250000	188.886032	64	0.999892	2	15748980.0	22276418.0	259819.0	261975.0	259653.0	0.9996437864547424	0.9944801269216629	0.3381063681574299	1.8885686718491208	2.6043277986336135
sd_prompts_2m_andyyang	pd12m_full_paired	local	ours_pd12m_img2dataset	250000	188.886032	64	0.999892	3	15498980.0	21276418.0	262144.0	262144.0	262144.0	1.0000000000000007	1.0000000000000007	0.1866848262852504	0.930084158510269	1.0960882972055581
sd_prompts_2m_andyyang	cc12m_llavanext_paired	reference	ref_cc12m_llavanext	250000	72.323884	128	0.067772	1	17570707.0	23276418.0	67544.0	102547.0	46286.0	0.9950609272580696	0.9365378727946815	0.28476511571034524	1.5395865646994593	4.110590397798606
sd_prompts_2m_andyyang	cc12m_llavanext_paired	reference	ref_cc12m_llavanext	250000	72.323884	128	0.067772	2	17320707.0	22276418.0	258849.0	261975.0	258686.0	0.9998814136166618	0.9932155160672604	0.3416041560574016	1.9124475796749816	2.66954022342627
sd_prompts_2m_andyyang	cc12m_llavanext_paired	reference	ref_cc12m_llavanext	250000	72.323884	128	0.067772	3	17070707.0	21276418.0	262144.0	262144.0	262144.0	1.0000000000000004	1.0000000000000007	0.22838970132812983	1.2723467810065276	1.304783997565219
sd_prompts_2m_andyyang	cc12m_llavanext_paired	reference	ref_cc12m_llavanext	250000	72.323884	64	0.577772	1	13000071.0	23276418.0	58620.0	102547.0	42097.0	0.9955951779032475	0.9188879921300531	0.2840752796895501	1.4758858232106238	4.603031382262704
sd_prompts_2m_andyyang	cc12m_llavanext_paired	reference	ref_cc12m_llavanext	250000	72.323884	64	0.577772	2	12750071.0	22276418.0	254431.0	261975.0	254271.0	0.999883922215022	0.9823218436644532	0.34175218047681194	1.8675756033249558	2.9897893746267172
sd_prompts_2m_andyyang	cc12m_llavanext_paired	reference	ref_cc12m_llavanext	250000	72.323884	64	0.577772	3	12500071.0	21276418.0	262137.0	262144.0	262137.0	1.0000000000000004	0.9999790848252751	0.2279197440445807	1.2446966287037522	1.3096465989364483
sd_prompts_2m_andyyang	cc12m_qwen3vl8b_paired	reference	ref_cc12m_qwen3vl8b	114621	11.571143158757994	128	0.0	1	1326296.0	23276418.0	13187.0	102547.0	12550.0	0.9988856182932326	0.7667388513129392	0.3300725458985253	1.6011173339323128	8.952998845943517
sd_prompts_2m_andyyang	cc12m_qwen3vl8b_paired	reference	ref_cc12m_qwen3vl8b	114621	11.571143158757994	128	0.0	2	1211675.0	22276418.0	124246.0	261975.0	124196.0	0.9998968370231295	0.6052570929491435	0.4073978879322133	2.194070282523002	13.159035585908065
sd_prompts_2m_andyyang	cc12m_qwen3vl8b_paired	reference	ref_cc12m_qwen3vl8b	114621	11.571143158757994	128	0.0	3	1097054.0	21276418.0	206520.0	262144.0	206520.0	1.0000000000000004	0.8110613356063976	0.281602396125868	1.4839800896010968	6.553449557642164
sd_prompts_2m_andyyang	cc12m_qwen3vl8b_paired	reference	ref_cc12m_qwen3vl8b	114621	11.571143158757994	64	0.0	1	1326296.0	23276418.0	13187.0	102547.0	12550.0	0.9988856182932326	0.7667388513129392	0.3300725458985253	1.6011173339323128	8.952998845943517
sd_prompts_2m_andyyang	cc12m_qwen3vl8b_paired	reference	ref_cc12m_qwen3vl8b	114621	11.571143158757994	64	0.0	2	1211675.0	22276418.0	124246.0	261975.0	124196.0	0.9998968370231295	0.6052570929491435	0.4073978879322133	2.194070282523002	13.159035585908065
sd_prompts_2m_andyyang	cc12m_qwen3vl8b_paired	reference	ref_cc12m_qwen3vl8b	114621	11.571143158757994	64	0.0	3	1097054.0	21276418.0	206520.0	262144.0	206520.0	1.0000000000000004	0.8110613356063976	0.281602396125868	1.4839800896010968	6.553449557642164
sd_prompts_2m_andyyang	danbooru2023_florence2_paired	reference	ref_danbooru_florence2	250000	43.72852	128	1.2e-05	1	10932124.0	23276418.0	14668.0	102547.0	12107.0	0.9995522370584017	0.7795532800622423	0.3791314532219483	1.9608013901025816	9.806936904935089
sd_prompts_2m_andyyang	danbooru2023_florence2_paired	reference	ref_danbooru_florence2	250000	43.72852	128	1.2e-05	2	10682124.0	22276418.0	79295.0	261975.0	79266.0	0.9999909194089114	0.4595078526538677	0.5347064496858065	3.708233898007156	19.146944039783307
sd_prompts_2m_andyyang	danbooru2023_florence2_paired	reference	ref_danbooru_florence2	250000	43.72852	128	1.2e-05	3	10432124.0	21276418.0	160767.0	262144.0	160767.0	0.9999999999999999	0.645640962684602	0.5229657878882918	3.928899651595165	13.207803557829676
sd_prompts_2m_andyyang	danbooru2023_florence2_paired	reference	ref_danbooru_florence2	250000	43.72852	64	0.175664	1	10512467.0	23276418.0	14504.0	102547.0	11992.0	0.9995641365627914	0.7781192106104908	0.3806822335418846	1.9734824134051356	9.85693318894912
sd_prompts_2m_andyyang	danbooru2023_florence2_paired	reference	ref_danbooru_florence2	250000	43.72852	64	0.175664	2	10262467.0	22276418.0	78188.0	261975.0	78160.0	0.9999911327364073	0.4555063116520782	0.5352710862806948	3.730053611669457	19.23435332283419
sd_prompts_2m_andyyang	danbooru2023_florence2_paired	reference	ref_danbooru_florence2	250000	43.72852	64	0.175664	3	10012467.0	21276418.0	158691.0	262144.0	158691.0	1.0	0.6383163744949926	0.5237126323342562	3.9566281363175815	13.391568010268404
sd_prompts_2m_andyyang	datacomp_recap_llava15_paired_url	reference	ref_datacomp_recap_llava15_llama3_8b	250000	50.780576	128	2.8e-05	1	12694582.0	23276418.0	65366.0	102547.0	42173.0	0.9950617515409208	0.907711830918307	0.30782211868556064	1.5959256685206313	5.098618415220669
sd_prompts_2m_andyyang	datacomp_recap_llava15_paired_url	reference	ref_datacomp_recap_llava15_llama3_8b	250000	50.780576	128	2.8e-05	2	12444582.0	22276418.0	246945.0	261975.0	246794.0	0.9998445910035393	0.9651754604353361	0.37811064217384527	2.1658548241044087	3.7691762421180943
sd_prompts_2m_andyyang	datacomp_recap_llava15_paired_url	reference	ref_datacomp_recap_llava15_llama3_8b	250000	50.780576	128	2.8e-05	3	12194586.0	21276418.0	262063.0	262144.0	262063.0	1.0000000000000002	0.9997743041145373	0.2631947183725747	1.543874312710508	1.5281651765907973
sd_prompts_2m_andyyang	datacomp_recap_llava15_paired_url	reference	ref_datacomp_recap_llava15_llama3_8b	250000	50.780576	64	0.262244	1	11780424.0	23276418.0	61952.0	102547.0	40567.0	0.9952766555770696	0.9033276082256227	0.3088878726717521	1.5926233268821586	5.2334775263525435
sd_prompts_2m_andyyang	datacomp_recap_llava15_paired_url	reference	ref_datacomp_recap_llava15_llama3_8b	250000	50.780576	64	0.262244	2	11530424.0	22276418.0	243501.0	261975.0	243357.0	0.9998502223335415	0.9566807823412187	0.38051517064047297	2.179289877589563	4.024478165374163
sd_prompts_2m_andyyang	datacomp_recap_llava15_paired_url	reference	ref_datacomp_recap_llava15_llama3_8b	250000	50.780576	64	0.262244	3	11280428.0	21276418.0	262010.0	262144.0	262010.0	1.0000000000000002	0.9996446300312399	0.2651177217934315	1.5551549144432308	1.545202119922223
sd_prompts_2m_andyyang	laion_pop_llama32_paired	reference	ref_laion_pop_llama32_11b	250000	180.428212	128	0.88804	1	31590388.0	23276418.0	66129.0	102547.0	45336.0	0.9957918212337201	0.9560634716217861	0.294758969927243	1.622502724753165	3.6687391880845217
sd_prompts_2m_andyyang	laion_pop_llama32_paired	reference	ref_laion_pop_llama32_11b	250000	180.428212	128	0.88804	2	31340388.0	22276418.0	260519.0	261975.0	260351.0	0.9998577554304694	0.997505568444622	0.3528406494426675	2.0450262670226786	2.6199646847283815
sd_prompts_2m_andyyang	laion_pop_llama32_paired	reference	ref_laion_pop_llama32_11b	250000	180.428212	128	0.88804	3	31090388.0	21276418.0	262144.0	262144.0	262144.0	1.0000000000000004	1.0000000000000007	0.22397038600546348	1.286246607781143	1.2623849796607225
sd_prompts_2m_andyyang	laion_pop_llama32_paired	reference	ref_laion_pop_llama32_11b	250000	180.428212	64	0.999832	1	15999633.0	23276418.0	50979.0	102547.0	38030.0	0.9960742849539019	0.9457022983519121	0.2856273507096508	1.5410569306301773	3.839601057510764
sd_prompts_2m_andyyang	laion_pop_llama32_paired	reference	ref_laion_pop_llama32_11b	250000	180.428212	64	0.999832	2	15749633.0	22276418.0	253732.0	261975.0	253574.0	0.9998549172542628	0.9820594585718408	0.3462575279802129	1.9580917939303983	3.0120900280718166
sd_prompts_2m_andyyang	laion_pop_llama32_paired	reference	ref_laion_pop_llama32_11b	250000	180.428212	64	0.999832	3	15499633.0	21276418.0	262142.0	262144.0	262142.0	1.0000000000000007	0.9999869338908466	0.22215057900100893	1.2298155337840897	1.2622956200151327
sd_prompts_2m_andyyang	pd12m_full_paired	reference	ref_pd12m_full	250000	39.709492	128	4.4e-05	1	9926889.0	23276418.0	22649.0	102547.0	17487.0	0.9982757941586573	0.7775466568782117	0.3494405813719371	1.7718518662875906	9.58644089282809
sd_prompts_2m_andyyang	pd12m_full_paired	reference	ref_pd12m_full	250000	39.709492	128	4.4e-05	2	9676889.0	22276418.0	114079.0	261975.0	114037.0	0.9999416134668903	0.5640651472781653	0.4912747935785404	3.2216665041301216	15.903092820672116
sd_prompts_2m_andyyang	pd12m_full_paired	reference	ref_pd12m_full	250000	39.709492	128	4.4e-05	3	9426889.0	21276418.0	209629.0	262144.0	209629.0	0.9999999999999998	0.8141712105862937	0.4463897711063042	3.1132603976440043	7.987885691299991
sd_prompts_2m_andyyang	pd12m_full_paired	reference	ref_pd12m_full	250000	39.709492	64	0.070332	1	9767916.0	23276418.0	22398.0	102547.0	17283.0	0.9982601201730071	0.7749865980237951	0.3504455414033776	1.7788400790260952	9.673897704554358
sd_prompts_2m_andyyang	pd12m_full_paired	reference	ref_pd12m_full	250000	39.709492	64	0.070332	2	9517916.0	22276418.0	112935.0	261975.0	112893.0	0.9999412686558694	0.5606508640662056	0.4919128731183867	3.2332137129185727	15.992833745512941
sd_prompts_2m_andyyang	pd12m_full_paired	reference	ref_pd12m_full	250000	39.709492	64	0.070332	3	9267916.0	21276418.0	208384.0	262144.0	208384.0	0.9999999999999998	0.8096192695593782	0.4472566726628193	3.1279782660115654	8.112928902005228
sd_prompts_2m_andyyang	cc12m_pixelprose_paired	reference	ref_pixelprose_cc12m	250000	89.339256	128	0.137448	1	20828915.0	23276418.0	71789.0	102547.0	48095.0	0.9969017109148438	0.9328105810782329	0.3021933478034392	1.5858660613467508	4.362208569943102
sd_prompts_2m_andyyang	cc12m_pixelprose_paired	reference	ref_pixelprose_cc12m	250000	89.339256	128	0.137448	2	20578915.0	22276418.0	257846.0	261975.0	257678.0	0.9998842018638985	0.990904462288327	0.36104106396143476	2.150550169020363	2.902297511436512
sd_prompts_2m_andyyang	cc12m_pixelprose_paired	reference	ref_pixelprose_cc12m	250000	89.339256	128	0.137448	3	20328915.0	21276418.0	262143.0	262144.0	262143.0	1.0000000000000007	0.9999989659913625	0.25137302213734275	1.6282908407871808	1.4067426191073187
sd_prompts_2m_andyyang	cc12m_pixelprose_paired	reference	ref_pixelprose_cc12m	250000	89.339256	64	0.723872	1	14961546.0	23276418.0	59381.0	102547.0	42283.0	0.9970445567590307	0.9226051448294077	0.30684051800778933	1.6261227605632729	4.6997452396246
sd_prompts_2m_andyyang	cc12m_pixelprose_paired	reference	ref_pixelprose_cc12m	250000	89.339256	64	0.723872	2	14711546.0	22276418.0	251645.0	261975.0	251483.0	0.9998802981005536	0.9745471646294305	0.3621549175683984	2.1664550825418636	3.388371684303085
sd_prompts_2m_andyyang	cc12m_pixelprose_paired	reference	ref_pixelprose_cc12m	250000	89.339256	64	0.723872	3	14461546.0	21276418.0	262136.0	262144.0	262136.0	1.0000000000000004	0.9999886259049814	0.24946055649100213	1.6131447992819894	1.4077621144303603
sd_prompts_dedup_xzuyn	cc12m_qwen3vl8b_paired	local	ours_cc12m	114621	186.79190549724746	128	0.9647272314846319	1	14628299.0	23962508.0	38465.0	107837.0	30992.0	0.9963553520474158	0.886844690881264	0.3026009089569679	1.5949362518201144	5.71886292273034
sd_prompts_dedup_xzuyn	cc12m_llavanext_paired	local	ours_cc12m	250000	184.079312	128	0.945212	1	31830701.0	23962508.0	75016.0	107837.0	50536.0	0.9955258918111751	0.9382817524776556	0.29471024449608146	1.590070218576974	4.191710756618255
sd_prompts_dedup_xzuyn	cc12m_pixelprose_paired	local	ours_cc12m	250000	183.960124	128	0.945312	1	31831516.0	23962508.0	74929.0	107837.0	50514.0	0.9955367190177139	0.9404839009339022	0.29474303045055467	1.5898369539899198	4.131596809372098
sd_prompts_dedup_xzuyn	cc12m_qwen3vl8b_paired	local	ours_cc12m	114621	186.79190549724746	128	0.9647272314846319	2	14513678.0	22962508.0	259963.0	262073.0	259892.0	0.9999103604200125	0.9902799816117652	0.31769885656939234	1.6933679565963637	2.5312361644685692
sd_prompts_dedup_xzuyn	cc12m_llavanext_paired	local	ours_cc12m	250000	184.079312	128	0.945212	2	31580701.0	22962508.0	262108.0	262073.0	262037.0	0.9999269490566411	0.999942471440838	0.307009167494001	1.650233321684267	2.143458836003556
sd_prompts_dedup_xzuyn	cc12m_pixelprose_paired	local	ours_cc12m	250000	183.960124	128	0.945312	2	31581516.0	22962508.0	262107.0	262073.0	262036.0	0.9999258426986217	0.9998744039631912	0.3070162529738348	1.6503724610536266	2.1486826562189787
sd_prompts_dedup_xzuyn	cc12m_qwen3vl8b_paired	local	ours_cc12m	114621	186.79190549724746	128	0.9647272314846319	3	14399057.0	21962508.0	262144.0	262144.0	262144.0	1.0000000000000007	1.0000000000000007	0.17119164381476445	0.8322550944023571	1.0026019839921958
sd_prompts_dedup_xzuyn	cc12m_llavanext_paired	local	ours_cc12m	250000	184.079312	128	0.945212	3	31330701.0	21962508.0	262144.0	262144.0	262144.0	1.0000000000000007	1.0000000000000007	0.16593483092265376	0.8106245083657193	0.9727879855324583
sd_prompts_dedup_xzuyn	cc12m_pixelprose_paired	local	ours_cc12m	250000	183.960124	128	0.945312	3	31331516.0	21962508.0	262144.0	262144.0	262144.0	1.0000000000000004	1.0000000000000007	0.16588521018168512	0.8103990044459628	0.9728293010134744
sd_prompts_dedup_xzuyn	cc12m_qwen3vl8b_paired	local	ours_cc12m	114621	186.79190549724746	64	0.9999302047617801	1	7335606.0	23962508.0	29379.0	107837.0	25135.0	0.9967036124895259	0.8643520953649682	0.3032138753375466	1.5848294606095592	6.274143658968751
sd_prompts_dedup_xzuyn	cc12m_llavanext_paired	local	ours_cc12m	250000	184.079312	64	0.999696	1	15998159.0	23962508.0	51961.0	107837.0	39332.0	0.9961666839290607	0.9104198942781708	0.295080377391023	1.5620726230473236	4.921900259752837
sd_prompts_dedup_xzuyn	cc12m_pixelprose_paired	local	ours_cc12m	250000	183.960124	64	0.999728	1	15998284.0	23962508.0	51878.0	107837.0	39292.0	0.996170151748766	0.9105650376830263	0.29517550356956346	1.562160713684764	4.916530034557226
sd_prompts_dedup_xzuyn	cc12m_qwen3vl8b_paired	local	ours_cc12m	114621	186.79190549724746	64	0.9999302047617801	2	7220985.0	22962508.0	250087.0	262073.0	250027.0	0.9999122003438581	0.9660908555807584	0.3223829384742879	1.715045391227353	3.21193246078483
sd_prompts_dedup_xzuyn	cc12m_llavanext_paired	local	ours_cc12m	250000	184.079312	64	0.999696	2	15748159.0	22962508.0	261199.0	262073.0	261128.0	0.9999257691010108	0.9978803273579706	0.3094802727149338	1.6570313178745393	2.224459257126592
sd_prompts_dedup_xzuyn	cc12m_pixelprose_paired	local	ours_cc12m	250000	183.960124	64	0.999728	2	15748284.0	22962508.0	261216.0	262073.0	261145.0	0.9999246902075177	0.998349831821507	0.30945417923355734	1.6566886368475737	2.2125004323193096
sd_prompts_dedup_xzuyn	cc12m_qwen3vl8b_paired	local	ours_cc12m	114621	186.79190549724746	64	0.9999302047617801	3	7106364.0	21962508.0	262134.0	262144.0	262134.0	0.9999999999999994	0.9999785998939652	0.17761207775527307	0.8695173347509979	1.0383855456478528
sd_prompts_dedup_xzuyn	cc12m_llavanext_paired	local	ours_cc12m	250000	184.079312	64	0.999696	3	15498159.0	21962508.0	262144.0	262144.0	262144.0	1.0000000000000007	1.0000000000000007	0.17020942171334882	0.8381905103977975	0.9936673814092009
sd_prompts_dedup_xzuyn	cc12m_pixelprose_paired	local	ours_cc12m	250000	183.960124	64	0.999728	3	15498284.0	21962508.0	262144.0	262144.0	262144.0	1.0000000000000007	1.0000000000000007	0.17012518276669253	0.8374567928734837	0.9942414335157855
sd_prompts_dedup_xzuyn	danbooru2023_florence2_paired	local	ours_danbooru2023	250000	164.522212	128	0.832852	1	31324484.0	23962508.0	89053.0	107837.0	51287.0	0.9921751304825921	0.9320016502446178	0.3300977634825344	2.0094787396999507	4.703281430920979
sd_prompts_dedup_xzuyn	danbooru2023_florence2_paired	local	ours_danbooru2023	250000	164.522212	128	0.832852	2	31074484.0	22962508.0	261622.0	262073.0	261551.0	0.9998932242929607	0.9989350466421183	0.36399742379836153	2.1710148026548945	2.6275267114747907
sd_prompts_dedup_xzuyn	danbooru2023_florence2_paired	local	ours_danbooru2023	250000	164.522212	128	0.832852	3	30824491.0	21962508.0	262144.0	262144.0	262144.0	1.0000000000000004	1.0000000000000007	0.21622552732283476	1.2017971918506962	1.2137529431771856
sd_prompts_dedup_xzuyn	danbooru2023_florence2_paired	local	ours_danbooru2023	250000	164.522212	64	0.998712	1	15994777.0	23962508.0	52322.0	107837.0	36421.0	0.9918901026253668	0.8950786787426352	0.34026969801142576	2.0900335336722256	5.788419970531076
sd_prompts_dedup_xzuyn	danbooru2023_florence2_paired	local	ours_danbooru2023	250000	164.522212	64	0.998712	2	15744777.0	22962508.0	255641.0	262073.0	255572.0	0.9998946952376659	0.9866093459825909	0.3815741801202085	2.337117721364728	3.1320769618586426
sd_prompts_dedup_xzuyn	danbooru2023_florence2_paired	local	ours_danbooru2023	250000	164.522212	64	0.998712	3	15494784.0	21962508.0	262142.0	262144.0	262142.0	1.0000000000000004	0.9999979965858184	0.23905622136174914	1.4096012893872776	1.3356161636023984
sd_prompts_dedup_xzuyn	datacomp_recap_llava15_paired_url	local	ours_datacomp_forward	250000	175.39386	128	0.912888	1	31734262.0	23962508.0	96086.0	107837.0	57884.0	0.9939086026326959	0.9392046942665542	0.30412121192961417	1.7386340455304563	4.193552263601085
sd_prompts_dedup_xzuyn	datacomp_recap_llava15_paired_url	local	ours_datacomp_forward	250000	175.39386	128	0.912888	2	31484262.0	22962508.0	262132.0	262073.0	262061.0	0.9999294568187757	0.9999733914082911	0.3145047858417064	1.7671555117865383	2.1723188172406713
sd_prompts_dedup_xzuyn	datacomp_recap_llava15_paired_url	local	ours_datacomp_forward	250000	175.39386	128	0.912888	3	31234263.0	21962508.0	262144.0	262144.0	262144.0	1.0000000000000007	1.0000000000000007	0.17071034840800514	0.872095257075894	0.9929356552352472
sd_prompts_dedup_xzuyn	datacomp_recap_llava15_paired_url	local	ours_datacomp_forward	250000	175.39386	64	0.99978	1	15998313.0	23962508.0	65036.0	107837.0	44470.0	0.9948007017989869	0.9211666825525873	0.30535611581958966	1.7072843905804727	4.664748141245043
sd_prompts_dedup_xzuyn	datacomp_recap_llava15_paired_url	local	ours_datacomp_forward	250000	175.39386	64	0.99978	2	15748313.0	22962508.0	261519.0	262073.0	261448.0	0.9999288177724186	0.9987556672816408	0.31550077290635015	1.7603349932212384	2.221694567833238
sd_prompts_dedup_xzuyn	datacomp_recap_llava15_paired_url	local	ours_datacomp_forward	250000	175.39386	64	0.99978	3	15498314.0	21962508.0	262144.0	262144.0	262144.0	1.0000000000000004	1.0000000000000007	0.1721578213260632	0.8840353710067954	1.002289561256884
sd_prompts_dedup_xzuyn	laion_pop_llama32_paired	local	ours_laion_pop	250000	182.806372	128	0.950208	1	31852666.0	23962508.0	51346.0	107837.0	37929.0	0.9967970969839657	0.9126681981702341	0.2980391915900992	1.565726561567243	5.031598655878189
sd_prompts_dedup_xzuyn	laion_pop_llama32_paired	local	ours_laion_pop	250000	182.806372	128	0.950208	2	31602666.0	22962508.0	261968.0	262073.0	261897.0	0.9999134250255979	0.9993539904264819	0.3167267325514511	1.7123485590282004	2.2380979299612673
sd_prompts_dedup_xzuyn	laion_pop_llama32_paired	local	ours_laion_pop	250000	182.806372	128	0.950208	3	31352667.0	21962508.0	262144.0	262144.0	262144.0	1.0000000000000004	1.0000000000000007	0.171088084379058	0.8413063164777345	0.9943859673959542
sd_prompts_dedup_xzuyn	laion_pop_llama32_paired	local	ours_laion_pop	250000	182.806372	64	0.999888	1	15999370.0	23962508.0	35999.0	107837.0	29363.0	0.9973625836517224	0.8852931838353404	0.29767815515667206	1.5399017203261858	5.7251061346281595
sd_prompts_dedup_xzuyn	laion_pop_llama32_paired	local	ours_laion_pop	250000	182.806372	64	0.999888	2	15749370.0	22962508.0	259787.0	262073.0	259718.0	0.9999107900823977	0.9897129268283765	0.32075096505504874	1.735980544146991	2.536072519284197
sd_prompts_dedup_xzuyn	laion_pop_llama32_paired	local	ours_laion_pop	250000	182.806372	64	0.999888	3	15499371.0	21962508.0	262144.0	262144.0	262144.0	1.0000000000000004	1.0000000000000007	0.17755994387342383	0.8885101428879344	1.0243545343174705
sd_prompts_dedup_xzuyn	pd12m_full_paired	local	ours_pd12m_img2dataset	250000	188.886032	128	0.945092	1	31844201.0	23962508.0	99917.0	107837.0	56355.0	0.99326772243398	0.918102103502683	0.3178251620253447	1.8297748917740337	5.173226953634903
sd_prompts_dedup_xzuyn	pd12m_full_paired	local	ours_pd12m_img2dataset	250000	188.886032	128	0.945092	2	31594201.0	22962508.0	262039.0	262073.0	261968.0	0.9999285944911227	0.9997578226211183	0.32829804491607284	1.8184161538467742	2.3446591914734625
sd_prompts_dedup_xzuyn	pd12m_full_paired	local	ours_pd12m_img2dataset	250000	188.886032	128	0.945092	3	31344201.0	21962508.0	262144.0	262144.0	262144.0	1.0000000000000007	1.0000000000000007	0.17637069712609468	0.8805011828582316	1.0228580434583843
sd_prompts_dedup_xzuyn	pd12m_full_paired	local	ours_pd12m_img2dataset	250000	188.886032	64	0.999892	1	15998980.0	23962508.0	61883.0	107837.0	40260.0	0.9942682596015407	0.8788149387367901	0.3202050560809222	1.8148516162255748	6.240100267670619
sd_prompts_dedup_xzuyn	pd12m_full_paired	local	ours_pd12m_img2dataset	250000	188.886032	64	0.999892	2	15748980.0	22962508.0	259819.0	262073.0	259750.0	0.9999264714286263	0.9945272528593136	0.33411276933714	1.8519956635001382	2.5451461508049333
sd_prompts_dedup_xzuyn	pd12m_full_paired	local	ours_pd12m_img2dataset	250000	188.886032	64	0.999892	3	15498980.0	21962508.0	262144.0	262144.0	262144.0	1.0000000000000007	1.0000000000000007	0.18137585501672643	0.9048078018302742	1.049468347067755
sd_prompts_dedup_xzuyn	cc12m_llavanext_paired	reference	ref_cc12m_llavanext	250000	72.323884	128	0.067772	1	17570707.0	23962508.0	67544.0	107837.0	47694.0	0.9962585455440044	0.9374923109050117	0.28262693716194676	1.4907691000575751	4.047504113326038
sd_prompts_dedup_xzuyn	cc12m_llavanext_paired	reference	ref_cc12m_llavanext	250000	72.323884	128	0.067772	2	17320707.0	22962508.0	258849.0	262073.0	258779.0	0.9999192296249808	0.9932403289745182	0.33813477275887116	1.887848741460627	2.6150354328970082
sd_prompts_dedup_xzuyn	cc12m_llavanext_paired	reference	ref_cc12m_llavanext	250000	72.323884	128	0.067772	3	17070707.0	21962508.0	262144.0	262144.0	262144.0	1.0000000000000004	1.0000000000000007	0.22387216478559202	1.2476728478481394	1.2598171345576241
sd_prompts_dedup_xzuyn	cc12m_llavanext_paired	reference	ref_cc12m_llavanext	250000	72.323884	64	0.577772	1	13000071.0	23962508.0	58620.0	107837.0	43266.0	0.9966695566508715	0.920220621313922	0.2820734195887095	1.4318277359437317	4.530185346589012
sd_prompts_dedup_xzuyn	cc12m_llavanext_paired	reference	ref_cc12m_llavanext	250000	72.323884	64	0.577772	2	12750071.0	22962508.0	254431.0	262073.0	254361.0	0.9999165494843131	0.9824650251618862	0.3383652525323135	1.8440718389302315	2.932103653325637
sd_prompts_dedup_xzuyn	cc12m_llavanext_paired	reference	ref_cc12m_llavanext	250000	72.323884	64	0.577772	3	12500071.0	21962508.0	262137.0	262144.0	262137.0	1.0000000000000004	0.9999765964797834	0.2234015119327104	1.2212852770353284	1.2646261569191821
sd_prompts_dedup_xzuyn	cc12m_qwen3vl8b_paired	reference	ref_cc12m_qwen3vl8b	114621	11.571143158757994	128	0.0	1	1326296.0	23962508.0	13187.0	107837.0	12605.0	0.9990469699070543	0.7665876209618718	0.32960706274195695	1.5936491665007007	8.928333443464764
sd_prompts_dedup_xzuyn	cc12m_qwen3vl8b_paired	reference	ref_cc12m_qwen3vl8b	114621	11.571143158757994	128	0.0	2	1211675.0	22962508.0	124246.0	262073.0	124230.0	0.9999801927084412	0.6051129954968323	0.40511977479511907	2.1745820479315707	13.107704515665102
sd_prompts_dedup_xzuyn	cc12m_qwen3vl8b_paired	reference	ref_cc12m_qwen3vl8b	114621	11.571143158757994	128	0.0	3	1097054.0	21962508.0	206520.0	262144.0	206520.0	1.0000000000000004	0.810457667220884	0.27763367135224726	1.4639727056249563	6.522673385907644
sd_prompts_dedup_xzuyn	cc12m_qwen3vl8b_paired	reference	ref_cc12m_qwen3vl8b	114621	11.571143158757994	64	0.0	1	1326296.0	23962508.0	13187.0	107837.0	12605.0	0.9990469699070543	0.7665876209618718	0.32960706274195695	1.5936491665007007	8.928333443464764
sd_prompts_dedup_xzuyn	cc12m_qwen3vl8b_paired	reference	ref_cc12m_qwen3vl8b	114621	11.571143158757994	64	0.0	2	1211675.0	22962508.0	124246.0	262073.0	124230.0	0.9999801927084412	0.6051129954968323	0.40511977479511907	2.1745820479315707	13.107704515665102
sd_prompts_dedup_xzuyn	cc12m_qwen3vl8b_paired	reference	ref_cc12m_qwen3vl8b	114621	11.571143158757994	64	0.0	3	1097054.0	21962508.0	206520.0	262144.0	206520.0	1.0000000000000004	0.810457667220884	0.27763367135224726	1.4639727056249563	6.522673385907644
sd_prompts_dedup_xzuyn	danbooru2023_florence2_paired	reference	ref_danbooru_florence2	250000	43.72852	128	1.2e-05	1	10932124.0	23962508.0	14668.0	107837.0	12297.0	0.9996278856697789	0.7786193331682902	0.37873234136092204	1.952511808859847	9.814489283028173
sd_prompts_dedup_xzuyn	danbooru2023_florence2_paired	reference	ref_danbooru_florence2	250000	43.72852	128	1.2e-05	2	10682124.0	22962508.0	79295.0	262073.0	79281.0	0.9999844600193746	0.4587571618918963	0.5342359761634826	3.6741296022237813	19.115862090294232
sd_prompts_dedup_xzuyn	danbooru2023_florence2_paired	reference	ref_danbooru_florence2	250000	43.72852	128	1.2e-05	3	10432124.0	21962508.0	160767.0	262144.0	160767.0	0.9999999999999999	0.6456648757965165	0.5218440823194623	3.9046319268710534	13.1627482727795
sd_prompts_dedup_xzuyn	danbooru2023_florence2_paired	reference	ref_danbooru_florence2	250000	43.72852	64	0.175664	1	10512467.0	23962508.0	14504.0	107837.0	12176.0	0.9996260630354269	0.7771366836893625	0.3803194581341214	1.9656832254263719	9.865961004939898
sd_prompts_dedup_xzuyn	danbooru2023_florence2_paired	reference	ref_danbooru_florence2	250000	43.72852	64	0.175664	2	10262467.0	22962508.0	78188.0	262073.0	78174.0	0.9999852861889836	0.4547150076115364	0.5348242106452359	3.6954557154413123	19.204486470664776
sd_prompts_dedup_xzuyn	danbooru2023_florence2_paired	reference	ref_danbooru_florence2	250000	43.72852	64	0.175664	3	10012467.0	21962508.0	158691.0	262144.0	158691.0	1.0	0.6384240360891388	0.522620373569112	3.9326016578980036	13.34421376757771
sd_prompts_dedup_xzuyn	datacomp_recap_llava15_paired_url	reference	ref_datacomp_recap_llava15_llama3_8b	250000	50.780576	128	2.8e-05	1	12694582.0	23962508.0	65366.0	107837.0	43349.0	0.9957971833968106	0.9092194773602094	0.30613381617935487	1.5657895747828239	5.021182664452245
sd_prompts_dedup_xzuyn	datacomp_recap_llava15_paired_url	reference	ref_datacomp_recap_llava15_llama3_8b	250000	50.780576	128	2.8e-05	2	12444582.0	22962508.0	246945.0	262073.0	246879.0	0.9999310543335249	0.9646851728913937	0.3753398168052824	2.1450814458628953	3.730290148776932
sd_prompts_dedup_xzuyn	datacomp_recap_llava15_paired_url	reference	ref_datacomp_recap_llava15_llama3_8b	250000	50.780576	128	2.8e-05	3	12194586.0	21962508.0	262063.0	262144.0	262063.0	1.0000000000000002	0.9997637792550839	0.25921660785998835	1.5227856409950522	1.4829001554714174
sd_prompts_dedup_xzuyn	datacomp_recap_llava15_paired_url	reference	ref_datacomp_recap_llava15_llama3_8b	250000	50.780576	64	0.262244	1	11780424.0	23962508.0	61952.0	107837.0	41668.0	0.9960061709153973	0.9049654986030609	0.30725883464372344	1.5629607114316146	5.1527616371885925
sd_prompts_dedup_xzuyn	datacomp_recap_llava15_paired_url	reference	ref_datacomp_recap_llava15_llama3_8b	250000	50.780576	64	0.262244	2	11530424.0	22962508.0	243501.0	262073.0	243436.0	0.9999305316092455	0.9562232052352472	0.37779760742777224	2.1587703502054114	3.984630551789376
sd_prompts_dedup_xzuyn	datacomp_recap_llava15_paired_url	reference	ref_datacomp_recap_llava15_llama3_8b	250000	50.780576	64	0.262244	3	11280428.0	21962508.0	262010.0	262144.0	262010.0	1.0000000000000002	0.9996287309263591	0.26115874502085396	1.534165294325037	1.5000305147663486
sd_prompts_dedup_xzuyn	laion_pop_llama32_paired	reference	ref_laion_pop_llama32_11b	250000	180.428212	128	0.88804	1	31590388.0	23962508.0	66129.0	107837.0	46547.0	0.9968007990278518	0.9563178445261166	0.2928715352344393	1.5818813611197917	3.625074280331068
sd_prompts_dedup_xzuyn	laion_pop_llama32_paired	reference	ref_laion_pop_llama32_11b	250000	180.428212	128	0.88804	2	31340388.0	22962508.0	260519.0	262073.0	260450.0	0.9999405559369595	0.9974323362239008	0.3495138770304111	2.016530769131244	2.567317105972371
sd_prompts_dedup_xzuyn	laion_pop_llama32_paired	reference	ref_laion_pop_llama32_11b	250000	180.428212	128	0.88804	3	31090388.0	21962508.0	262144.0	262144.0	262144.0	1.0000000000000004	1.0000000000000007	0.2192944660708862	1.2648971612531996	1.2165094081845893
sd_prompts_dedup_xzuyn	laion_pop_llama32_paired	reference	ref_laion_pop_llama32_11b	250000	180.428212	64	0.999832	1	15999633.0	23962508.0	50979.0	107837.0	38875.0	0.9971373093370242	0.9459349580603088	0.2837242439765614	1.4980227063616625	3.796838549965024
sd_prompts_dedup_xzuyn	laion_pop_llama32_paired	reference	ref_laion_pop_llama32_11b	250000	180.428212	64	0.999832	2	15749633.0	22962508.0	253732.0	262073.0	253667.0	0.9999484432430905	0.9819226628032096	0.3429509801988772	1.9291767748367525	2.961586953541498
sd_prompts_dedup_xzuyn	laion_pop_llama32_paired	reference	ref_laion_pop_llama32_11b	250000	180.428212	64	0.999832	3	15499633.0	21962508.0	262142.0	262144.0	262142.0	1.0000000000000007	0.9999894365434046	0.21748847849419256	1.2072189098217156	1.2161243469802299
sd_prompts_dedup_xzuyn	pd12m_full_paired	reference	ref_pd12m_full	250000	39.709492	128	4.4e-05	1	9926889.0	23962508.0	22649.0	107837.0	17795.0	0.9985175617456631	0.7785583629226052	0.34877593567065945	1.7594097353201865	9.523469880770502
sd_prompts_dedup_xzuyn	pd12m_full_paired	reference	ref_pd12m_full	250000	39.709492	128	4.4e-05	2	9676889.0	22962508.0	114079.0	262073.0	114059.0	0.9999893560833445	0.5641116379796132	0.49024967973903943	3.175745727120537	15.844969574399226
sd_prompts_dedup_xzuyn	pd12m_full_paired	reference	ref_pd12m_full	250000	39.709492	128	4.4e-05	3	9426889.0	21962508.0	209629.0	262144.0	209629.0	0.9999999999999998	0.8142961177293598	0.4445888351921031	3.095909975969649	7.938904731517929
sd_prompts_dedup_xzuyn	pd12m_full_paired	reference	ref_pd12m_full	250000	39.709492	64	0.070332	1	9767916.0	23962508.0	22398.0	107837.0	17584.0	0.9985029560041102	0.7758611494255871	0.34982722916963593	1.766522996486961	9.615769919773518
sd_prompts_dedup_xzuyn	pd12m_full_paired	reference	ref_pd12m_full	250000	39.709492	64	0.070332	2	9517916.0	22962508.0	112935.0	262073.0	112916.0	0.999989598563383	0.5606945896328038	0.49089807853879003	3.1869998038944556	15.934860057155575
sd_prompts_dedup_xzuyn	pd12m_full_paired	reference	ref_pd12m_full	250000	39.709492	64	0.070332	3	9267916.0	21962508.0	208384.0	262144.0	208384.0	0.9999999999999998	0.809683256575251	0.44547471180197107	3.1107828125746604	8.065782411254888
sd_prompts_dedup_xzuyn	cc12m_pixelprose_paired	reference	ref_pixelprose_cc12m	250000	89.339256	128	0.137448	1	20828915.0	23962508.0	71789.0	107837.0	49336.0	0.9973049484334573	0.9338740335527415	0.30038311667899786	1.563471317576601	4.2969714794798906
sd_prompts_dedup_xzuyn	cc12m_pixelprose_paired	reference	ref_pixelprose_cc12m	250000	89.339256	128	0.137448	2	20578915.0	22962508.0	257846.0	262073.0	257776.0	0.9999653042932541	0.9908794370371047	0.35814562190268906	2.1284328180055216	2.8505009825066194
sd_prompts_dedup_xzuyn	cc12m_pixelprose_paired	reference	ref_pixelprose_cc12m	250000	89.339256	128	0.137448	3	20328915.0	21962508.0	262143.0	262144.0	262143.0	1.0000000000000007	0.9999991348893309	0.24718059550034044	1.6024664745174289	1.3617588617732974
sd_prompts_dedup_xzuyn	cc12m_pixelprose_paired	reference	ref_pixelprose_cc12m	250000	89.339256	64	0.723872	1	14961546.0	23962508.0	59381.0	107837.0	43286.0	0.9974754614262361	0.9236405471413855	0.30519802859418177	1.6033359243080838	4.635892945333254
sd_prompts_dedup_xzuyn	cc12m_pixelprose_paired	reference	ref_pixelprose_cc12m	250000	89.339256	64	0.723872	2	14711546.0	22962508.0	251645.0	262073.0	251578.0	0.9999634980579204	0.9747231008041459	0.35935337909622134	2.1455428209689233	3.331230509378641
sd_prompts_dedup_xzuyn	cc12m_pixelprose_paired	reference	ref_pixelprose_cc12m	250000	89.339256	64	0.723872	3	14461546.0	21962508.0	262136.0	262144.0	262136.0	1.0000000000000004	0.9999891633505612	0.2452547339801449	1.5864333266482114	1.3628321993926977
