surface	category	visual_units	grounded_precision_ci95	unsupported_rate_ci95	uncertain_rate_ci95
ours_b64_qwen122	object	17723	0.9705 [0.9673, 0.9737]	0.0271 [0.0242, 0.0303]	0.0023 [0.0014, 0.0033]
ours_b64_qwen122	attribute	36543	0.9610 [0.9580, 0.9640]	0.0309 [0.0281, 0.0337]	0.0081 [0.0070, 0.0092]
ours_b64_qwen122	relation	8339	0.9713 [0.9672, 0.9753]	0.0253 [0.0216, 0.0292]	0.0034 [0.0022, 0.0047]
ours_b64_qwen122	style	1110	0.9550 [0.9407, 0.9683]	0.0423 [0.0295, 0.0565]	0.0027 [0.0000, 0.0063]
ours_b64_qwen122	camera	678	0.9690 [0.9526, 0.9828]	0.0310 [0.0172, 0.0474]	0.0000 [0.0000, 0.0000]
ours_b64_qwen122	lighting	1609	0.9764 [0.9671, 0.9849]	0.0224 [0.0143, 0.0316]	0.0012 [0.0000, 0.0031]
ours_b64_qwen122	count	2501	0.9260 [0.9145, 0.9370]	0.0732 [0.0621, 0.0845]	0.0008 [0.0000, 0.0020]
ours_b64_qwen122	text_rendering	1920	0.9557 [0.9436, 0.9659]	0.0370 [0.0272, 0.0484]	0.0073 [0.0036, 0.0112]
ref_b64_qwen122	object	17484	0.8610 [0.8538, 0.8676]	0.1375 [0.1309, 0.1447]	0.0015 [0.0009, 0.0022]
ref_b64_qwen122	attribute	18905	0.8349 [0.8278, 0.8418]	0.1617 [0.1548, 0.1687]	0.0034 [0.0026, 0.0044]
ref_b64_qwen122	relation	6426	0.8150 [0.8030, 0.8255]	0.1835 [0.1730, 0.1955]	0.0016 [0.0006, 0.0026]
ref_b64_qwen122	style	1373	0.8594 [0.8362, 0.8817]	0.1369 [0.1144, 0.1592]	0.0036 [0.0000, 0.0086]
ref_b64_qwen122	camera	585	0.8923 [0.8629, 0.9191]	0.1077 [0.0809, 0.1371]	0.0000 [0.0000, 0.0000]
ref_b64_qwen122	lighting	558	0.9265 [0.9018, 0.9502]	0.0735 [0.0498, 0.0982]	0.0000 [0.0000, 0.0000]
ref_b64_qwen122	count	1619	0.7480 [0.7238, 0.7700]	0.2520 [0.2300, 0.2762]	0.0000 [0.0000, 0.0000]
ref_b64_qwen122	text_rendering	2769	0.6641 [0.6423, 0.6855]	0.3348 [0.3135, 0.3565]	0.0011 [0.0000, 0.0029]
ours_b64_gemma4_31b	object	17907	0.9643 [0.9612, 0.9673]	0.0192 [0.0169, 0.0214]	0.0166 [0.0144, 0.0188]
ours_b64_gemma4_31b	attribute	36712	0.9358 [0.9328, 0.9387]	0.0233 [0.0214, 0.0255]	0.0408 [0.0387, 0.0430]
ours_b64_gemma4_31b	relation	8429	0.9569 [0.9520, 0.9618]	0.0276 [0.0238, 0.0316]	0.0154 [0.0125, 0.0184]
ours_b64_gemma4_31b	style	1109	0.9829 [0.9745, 0.9900]	0.0072 [0.0027, 0.0130]	0.0099 [0.0043, 0.0164]
ours_b64_gemma4_31b	camera	678	0.9808 [0.9690, 0.9910]	0.0177 [0.0080, 0.0291]	0.0015 [0.0000, 0.0047]
ours_b64_gemma4_31b	lighting	1616	0.9629 [0.9527, 0.9724]	0.0161 [0.0094, 0.0235]	0.0210 [0.0143, 0.0286]
ours_b64_gemma4_31b	count	2519	0.9174 [0.9055, 0.9298]	0.0599 [0.0500, 0.0706]	0.0226 [0.0165, 0.0290]
ours_b64_gemma4_31b	text_rendering	1924	0.9002 [0.8832, 0.9155]	0.0587 [0.0467, 0.0722]	0.0411 [0.0310, 0.0512]
ref_b64_gemma4_31b	object	17553	0.8627 [0.8564, 0.8688]	0.1100 [0.1044, 0.1158]	0.0273 [0.0246, 0.0300]
ref_b64_gemma4_31b	attribute	18950	0.8221 [0.8153, 0.8285]	0.1404 [0.1344, 0.1468]	0.0375 [0.0348, 0.0405]
ref_b64_gemma4_31b	relation	6437	0.8018 [0.7906, 0.8131]	0.1673 [0.1568, 0.1776]	0.0309 [0.0266, 0.0355]
ref_b64_gemma4_31b	style	1363	0.9090 [0.8923, 0.9273]	0.0829 [0.0654, 0.0992]	0.0081 [0.0037, 0.0133]
ref_b64_gemma4_31b	camera	586	0.9539 [0.9344, 0.9719]	0.0392 [0.0233, 0.0571]	0.0068 [0.0000, 0.0164]
ref_b64_gemma4_31b	lighting	557	0.9425 [0.9185, 0.9627]	0.0305 [0.0166, 0.0470]	0.0269 [0.0140, 0.0417]
ref_b64_gemma4_31b	count	1621	0.7717 [0.7497, 0.7931]	0.2067 [0.1850, 0.2276]	0.0216 [0.0148, 0.0291]
ref_b64_gemma4_31b	text_rendering	2777	0.6867 [0.6651, 0.7078]	0.2315 [0.2126, 0.2513]	0.0817 [0.0708, 0.0920]
