budget,surface,label,valid,bad_json,cbu_per_cap,cbu_per_100tok,dup_row_rate,object_per_cap,attribute_per_cap,relation_per_cap,style_per_cap,camera_per_cap,lighting_per_cap,count_per_cap,text_rendering_per_cap,pareto_efficiency_yield
16,ours_cc12m,Ours,4494,5,5.588785046728972,33.86046511627907,0.0,1.601468624833111,2.5683133066310635,0.8012906097018246,0.1579884290164664,0.1348464619492657,0.11237205162438807,0.20582999554962172,0.006675567423230975,0
16,ref_cc12m_llavanext,LLaVA-NeXT,4492,5,4.958815672306322,30.675057838492894,0.0004452359750667854,1.952359750667854,1.5783615316117543,0.6444790739091718,0.42853962600178097,0.07502226179875333,0.05409617097061443,0.19679430097951914,0.029162956366874444,0
16,ref_cc12m_qwen3vl8b,Qwen3-VL-8B,4491,5,6.413048318859942,55.76617743871742,0.00022266755733689602,2.950122467156535,1.5455355154753951,1.5626809173903362,0.1120017813404587,0.018258739701625473,0.08238699621465152,0.12936985081273658,0.012692050768203072,1
16,ref_pixelprose_cc12m,PixelProse,4494,5,4.1677792612372055,25.782207111098874,0.00022251891410769915,1.803960836671117,1.196706720071206,0.6555407209612817,0.17623497997329773,0.035380507343124167,0.018024032042723633,0.2712505562972853,0.010680907877169559,0
32,ours_cc12m,Ours,4491,30,9.47272322422623,28.78465972908237,0.0,2.6450679136049877,4.350924070362948,1.5337341349365397,0.21420619015809397,0.19193943442440436,0.22021821420619017,0.29948786461812515,0.017145401914940992,1
32,ref_cc12m_llavanext,LLaVA-NeXT,4479,30,8.019200714445189,26.702251826960964,0.0011163206072784104,3.0388479571332887,2.6168787675820497,1.3221701272605493,0.4931904442956017,0.10538066532708194,0.1145344943067649,0.26858673811118555,0.05961152042866711,0
32,ref_cc12m_qwen3vl8b,Qwen3-VL-8B,4490,30,6.42739420935412,55.76187347837848,0.00022271714922048998,2.9567928730512247,1.5367483296213809,1.5761692650334076,0.1089086859688196,0.01804008908685969,0.08730512249443208,0.1309576837416481,0.012472160356347439,1
32,ref_pixelprose_cc12m,PixelProse,4486,30,7.632411948283549,23.706293706293707,0.0006687472135532769,2.9188586714222025,2.3658047258136423,1.5162728488631296,0.1905929558626839,0.057066428889879624,0.041462327240303166,0.5053499777084263,0.03700401248328132,0
48,ours_cc12m,Ours,4479,55,12.433355659745478,25.198300475559154,0.0008930564858227283,3.4672918062067426,5.711542755079258,2.0817146684527796,0.23085510158517525,0.20964501004688546,0.3065416387586515,0.3795490064746595,0.046215673141326186,1
48,ref_cc12m_llavanext,LLaVA-NeXT,4471,55,9.644598523820175,23.753415300546447,0.0029076269290986357,3.605010064862447,3.2039812122567657,1.6126146276000894,0.5358980093938717,0.12950123014985462,0.16439275329903824,0.3035115186759114,0.08968910758219638,0
48,ref_cc12m_qwen3vl8b,Qwen3-VL-8B,4493,55,6.4264411306476745,55.74561742219476,0.0,2.9548186067215667,1.5403961718228356,1.5731137324727353,0.10683285110171378,0.018918317382595147,0.08902737591809481,0.1304251057200089,0.012908969508123747,1
48,ref_pixelprose_cc12m,PixelProse,4478,55,10.341223760607415,21.658177940536824,0.0022331397945511387,3.703662349263064,3.251451540866458,2.2264403751674853,0.2518981688253685,0.09021884769986602,0.07101384546672622,0.6790978115230013,0.06744082179544439,0
64,ours_cc12m,Ours,4470,99,15.21476510067114,23.15651845269104,0.0015659955257270694,4.442953020134228,6.761073825503356,2.6114093959731544,0.25861297539149886,0.21677852348993287,0.38814317673378074,0.4512304250559284,0.08456375838926175,1
64,ref_cc12m_llavanext,LLaVA-NeXT,4459,99,10.780892576810944,21.772922441437036,0.0033639829558196905,4.03991926440906,3.532854900201839,1.793451446512671,0.6050684009867683,0.1435299394483068,0.22179860955371158,0.32854900201838977,0.11572101368019735,0
64,ref_cc12m_qwen3vl8b,Qwen3-VL-8B,4491,99,6.437096415052327,55.84445689338768,0.00044533511467379205,2.9712758851035406,1.5555555555555556,1.5517702070808284,0.11578712981518592,0.018036072144288578,0.08528167446003117,0.12714317523936763,0.012246715653529281,1
64,ref_pixelprose_cc12m,PixelProse,4457,99,12.570563159075611,20.444004947984133,0.003141126318151223,4.350684316805026,3.903746914965223,2.7220103208436166,0.453219654476105,0.13417096701817366,0.10859322414179942,0.7920125645052726,0.10612519632039488,0
