comparison	role	surface	family	tier	paired_count	records	avg_tokens	cov64	cov128	cov256	prefix_ev64	prefix_top100_64	d3_64	m3_top100_64	viol64	rep4_64	full_cb_m3_top100	full_within_d3_mean	full_rep4	full_viol_ind_per64	full_viol_codes_per64	control_hits_per64_full
cc12m_llavanext_paired	local	ours_cc12m	cc12m	paired_same_image_same_gate	960394	960394	184.0	0.9997	0.9456	0.0575	309669.02	0.0683	0.227863	0.0337	0.024	0.011	0.036044	0.991591	0.1777	0.017321	0.017725	7.9407
cc12m_llavanext_paired	reference	ref_cc12m_llavanext	cc12m	paired_same_image_same_gate	960394	960394	72.21	0.5766	0.0676	0.0009	84972.34	0.1239	0.14832	0.0675	0.015	0.0617	0.071228	0.990794	0.118	0.016243	0.016398	5.5806
cc12m_pixelprose_paired	local	ours_cc12m	cc12m	paired_same_image_same_gate	729237	729237	183.97	0.9997	0.9453	0.0577	269193.47	0.0679	0.246961	0.0337	0.0239	0.0109	0.036026	0.991638	0.1771	0.017344	0.017743	7.9432
cc12m_pixelprose_paired	reference	ref_pixelprose_cc12m	cc12m	paired_same_image_same_gate	729237	729237	89.46	0.7243	0.1383	0.009	165748.29	0.0825	0.134122	0.1287	1.0	0.1778	0.139102	0.967183	0.3305	0.883144	0.889616	7.6113
cc12m_qwen3vl8b_paired	local	ours_cc12m	cc12m	paired_same_image_same_gate	114621	114621	186.79	0.9999	0.9647	0.0525	74322.22	0.0715	0.368233	0.0333	0.0176	0.0082	0.036059	0.996488	0.0839	0.009336	0.009432	7.5837
cc12m_qwen3vl8b_paired	reference	ref_cc12m_qwen3vl8b	cc12m	paired_same_image_same_gate	114621	114621	11.57	0.0	0.0	0.0	86360.83	0.0587	0.370393	0.0823	0.0002	0.0	0.076767	0.999993	0.0	0.001463	0.001463	7.0527
danbooru2023_florence2_paired	local	ours_danbooru2023	danbooru	paired_same_image_local_subset	999993	999993	164.53	0.9987	0.8334	0.0309	609510.4	0.0236	0.135869	0.0644	0.0216	0.0039	0.04596	0.996764	0.0627	0.014528	0.014904	6.8478
danbooru2023_florence2_paired	reference	ref_danbooru_florence2	danbooru	paired_same_image_local_subset	999993	999993	43.6	0.1734	0.0	0.0	361.21	0.611	0.01364	0.3008	0.7729	0.0012	0.343859	0.999402	0.0014	1.121994	1.122042	6.1168
datacomp_recap_llava15_paired_url	local	ours_datacomp_forward	datacomp	paired_same_url_local_subset	1000000	1000000	175.48	0.9998	0.9137	0.0456	498463.79	0.0531	0.235762	0.0406	0.0279	0.0105	0.040529	0.991054	0.1891	0.021133	0.021655	8.2368
datacomp_recap_llava15_paired_url	reference	ref_datacomp_recap_llava15_llama3_8b	datacomp	paired_same_url_local_subset	1000000	1000000	50.85	0.2622	0.0	0.0	40701.71	0.1753	0.114657	0.0965	0.0124	0.1007	0.102235	0.985101	0.1195	0.014681	0.014961	7.4995
laion_pop_llama32_paired	local	ours_laion_pop	laion_pop	paired_same_image_same_gate	42231	42231	182.89	0.9999	0.9506	0.0471	31550.49	0.1034	0.460996	0.0364	0.0168	0.0067	0.037742	0.996939	0.0695	0.009619	0.00975	7.5264
laion_pop_llama32_paired	reference	ref_laion_pop_llama32_11b	laion_pop	paired_same_image_same_gate	42231	42231	180.27	0.9999	0.8882	0.0749	20760.54	0.1454	0.335243	0.0703	0.0305	0.0654	0.086084	0.975141	0.4843	0.012037	0.012353	5.602
pd12m_full_paired	local	ours_pd12m_img2dataset	pd12m	paired_same_image_same_gate	1000000	1000000	189.07	0.9999	0.9454	0.0826	252856.33	0.0665	0.189811	0.034	0.0237	0.0075	0.037529	0.993652	0.1514	0.011059	0.011289	6.7122
pd12m_full_paired	reference	ref_pd12m_full	pd12m	paired_same_image_same_gate	1000000	1000000	39.71	0.0704	0.0	0.0	2291.9	0.431	0.024037	0.2408	0.9998	0.0007	0.258831	0.999589	0.0007	1.833004	1.833028	5.7433
