comparison	local_surface	reference_surface	records	metric	delta_mean_local_minus_reference	ci95_low	ci95_high
cc12m_llavanext_paired	ours_cc12m	ref_cc12m_llavanext	960394	avg_lexical_tokens	111.792547	111.690257	111.894836
cc12m_llavanext_paired	ours_cc12m	ref_cc12m_llavanext	960394	elig64	0.423111	0.422122	0.4241
cc12m_llavanext_paired	ours_cc12m	ref_cc12m_llavanext	960394	elig128	0.878019	0.877356	0.878682
cc12m_llavanext_paired	ours_cc12m	ref_cc12m_llavanext	960394	rep4_at64	-0.050716	-0.051227	-0.050205
cc12m_llavanext_paired	ours_cc12m	ref_cc12m_llavanext	960394	fast_full_j_meta_statement	0.01646	0.016173	0.016746
cc12m_llavanext_paired	ours_cc12m	ref_cc12m_llavanext	960394	fast_full_i_overlay_meta_leak	0.012037	0.01163	0.012444
cc12m_llavanext_paired	ours_cc12m	ref_cc12m_llavanext	960394	content_prefix_top100_hit	-0.055601	-0.056384	-0.054818
cc12m_llavanext_paired	ours_cc12m	ref_cc12m_llavanext	960394	m3_top100_fraction_at64	-0.036965	-0.037077	-0.036853
cc12m_pixelprose_paired	ours_cc12m	ref_pixelprose_cc12m	729237	avg_lexical_tokens	94.515085	94.371247	94.658923
cc12m_pixelprose_paired	ours_cc12m	ref_pixelprose_cc12m	729237	elig64	0.27537	0.274344	0.276396
cc12m_pixelprose_paired	ours_cc12m	ref_pixelprose_cc12m	729237	elig128	0.80698	0.806031	0.80793
cc12m_pixelprose_paired	ours_cc12m	ref_pixelprose_cc12m	729237	rep4_at64	-0.166939	-0.167848	-0.16603
cc12m_pixelprose_paired	ours_cc12m	ref_pixelprose_cc12m	729237	fast_full_j_meta_statement	-0.98146	-0.98177	-0.98115
cc12m_pixelprose_paired	ours_cc12m	ref_pixelprose_cc12m	729237	fast_full_i_overlay_meta_leak	0.027194	0.026777	0.027611
cc12m_pixelprose_paired	ours_cc12m	ref_pixelprose_cc12m	729237	content_prefix_top100_hit	-0.014571	-0.015427	-0.013716
cc12m_pixelprose_paired	ours_cc12m	ref_pixelprose_cc12m	729237	m3_top100_fraction_at64	-0.096998	-0.097155	-0.096842
cc12m_qwen3vl8b_paired	ours_cc12m	ref_cc12m_qwen3vl8b	114621	avg_lexical_tokens	175.221033	174.998076	175.443989
cc12m_qwen3vl8b_paired	ours_cc12m	ref_cc12m_qwen3vl8b	114621	elig64	0.99993	0.999882	0.999979
cc12m_qwen3vl8b_paired	ours_cc12m	ref_cc12m_qwen3vl8b	114621	elig128	0.964727	0.963659	0.965795
cc12m_qwen3vl8b_paired	ours_cc12m	ref_cc12m_qwen3vl8b	114621	rep4_at64	0.008218	0.007696	0.008741
cc12m_qwen3vl8b_paired	ours_cc12m	ref_cc12m_qwen3vl8b	114621	fast_full_j_meta_statement	0.013863	0.013186	0.01454
cc12m_qwen3vl8b_paired	ours_cc12m	ref_cc12m_qwen3vl8b	114621	fast_full_i_overlay_meta_leak	0.013584	0.012908	0.01426
cc12m_qwen3vl8b_paired	ours_cc12m	ref_cc12m_qwen3vl8b	114621	content_prefix_top100_hit	0.012816	0.010936	0.014697
cc12m_qwen3vl8b_paired	ours_cc12m	ref_cc12m_qwen3vl8b	114621	m3_top100_fraction_at64	-0.043482	-0.044137	-0.042826
danbooru2023_florence2_paired	ours_danbooru2023	ref_danbooru_florence2	999993	avg_lexical_tokens	120.928642	120.843242	121.014041
danbooru2023_florence2_paired	ours_danbooru2023	ref_danbooru_florence2	999993	elig64	0.825291	0.824545	0.826036
danbooru2023_florence2_paired	ours_danbooru2023	ref_danbooru_florence2	999993	elig128	0.833354	0.832623	0.834084
danbooru2023_florence2_paired	ours_danbooru2023	ref_danbooru_florence2	999993	rep4_at64	0.002704	0.002564	0.002844
danbooru2023_florence2_paired	ours_danbooru2023	ref_danbooru_florence2	999993	fast_full_j_meta_statement	-0.753065	-0.753932	-0.752198
danbooru2023_florence2_paired	ours_danbooru2023	ref_danbooru_florence2	999993	fast_full_i_overlay_meta_leak	0.009307	0.009119	0.009495
danbooru2023_florence2_paired	ours_danbooru2023	ref_danbooru_florence2	999993	content_prefix_top100_hit	-0.587401	-0.588395	-0.586408
danbooru2023_florence2_paired	ours_danbooru2023	ref_danbooru_florence2	999993	m3_top100_fraction_at64	-0.283912	-0.284316	-0.283508
datacomp_recap_llava15_paired_url	ours_datacomp_forward	ref_datacomp_recap_llava15_llama3_8b	1000000	avg_lexical_tokens	124.631281	124.552894	124.709668
datacomp_recap_llava15_paired_url	ours_datacomp_forward	ref_datacomp_recap_llava15_llama3_8b	1000000	elig64	0.737594	0.736731	0.738457
datacomp_recap_llava15_paired_url	ours_datacomp_forward	ref_datacomp_recap_llava15_llama3_8b	1000000	elig128	0.913631	0.91308	0.914182
datacomp_recap_llava15_paired_url	ours_datacomp_forward	ref_datacomp_recap_llava15_llama3_8b	1000000	rep4_at64	-0.090166	-0.090776	-0.089556
datacomp_recap_llava15_paired_url	ours_datacomp_forward	ref_datacomp_recap_llava15_llama3_8b	1000000	fast_full_j_meta_statement	0.016381	0.016086	0.016676
datacomp_recap_llava15_paired_url	ours_datacomp_forward	ref_datacomp_recap_llava15_llama3_8b	1000000	fast_full_i_overlay_meta_leak	0.03033	0.029922	0.030738
datacomp_recap_llava15_paired_url	ours_datacomp_forward	ref_datacomp_recap_llava15_llama3_8b	1000000	content_prefix_top100_hit	-0.122234	-0.123054	-0.121414
datacomp_recap_llava15_paired_url	ours_datacomp_forward	ref_datacomp_recap_llava15_llama3_8b	1000000	m3_top100_fraction_at64	-0.061824	-0.061963	-0.061685
laion_pop_llama32_paired	ours_laion_pop	ref_laion_pop_llama32_11b	351384	avg_lexical_tokens	2.394813	2.199629	2.589997
laion_pop_llama32_paired	ours_laion_pop	ref_laion_pop_llama32_11b	351384	elig64	7.1e-05	1.4e-05	0.000128
laion_pop_llama32_paired	ours_laion_pop	ref_laion_pop_llama32_11b	351384	elig128	0.062462	0.061224	0.063699
laion_pop_llama32_paired	ours_laion_pop	ref_laion_pop_llama32_11b	351384	rep4_at64	-0.062029	-0.06289	-0.061168
laion_pop_llama32_paired	ours_laion_pop	ref_laion_pop_llama32_11b	351384	fast_full_j_meta_statement	0.010507	0.010114	0.0109
laion_pop_llama32_paired	ours_laion_pop	ref_laion_pop_llama32_11b	351384	fast_full_i_overlay_meta_leak	0.009801	0.009354	0.010249
laion_pop_llama32_paired	ours_laion_pop	ref_laion_pop_llama32_11b	351384	content_prefix_top100_hit	-0.039259	-0.040649	-0.037869
laion_pop_llama32_paired	ours_laion_pop	ref_laion_pop_llama32_11b	351384	m3_top100_fraction_at64	-0.033327	-0.033493	-0.03316
pd12m_full_paired	ours_pd12m_img2dataset	ref_pd12m_full	1000000	avg_lexical_tokens	149.362026	149.273088	149.450964
pd12m_full_paired	ours_pd12m_img2dataset	ref_pd12m_full	1000000	elig64	0.929534	0.929032	0.930036
pd12m_full_paired	ours_pd12m_img2dataset	ref_pd12m_full	1000000	elig128	0.945389	0.944944	0.945834
pd12m_full_paired	ours_pd12m_img2dataset	ref_pd12m_full	1000000	rep4_at64	0.006819	0.006643	0.006995
pd12m_full_paired	ours_pd12m_img2dataset	ref_pd12m_full	1000000	fast_full_j_meta_statement	-0.977148	-0.977441	-0.976855
pd12m_full_paired	ours_pd12m_img2dataset	ref_pd12m_full	1000000	fast_full_i_overlay_meta_leak	0.00856	0.008379	0.008741
pd12m_full_paired	ours_pd12m_img2dataset	ref_pd12m_full	1000000	content_prefix_top100_hit	-0.364432	-0.36548	-0.363384
pd12m_full_paired	ours_pd12m_img2dataset	ref_pd12m_full	1000000	m3_top100_fraction_at64	-0.225366	-0.225638	-0.225094
