comparison	local_surface	reference_surface	records	code	local_rate	reference_rate	delta_local_minus_reference	polish_priority
cc12m_llavanext_paired	ours_cc12m	ref_cc12m_llavanext	960394	D_markdown_leak	0.0	0.0005	-0.0005	yes
cc12m_llavanext_paired	ours_cc12m	ref_cc12m_llavanext	960394	E_thinking_leak	0.0001	0.0003	-0.0002	yes
cc12m_llavanext_paired	ours_cc12m	ref_cc12m_llavanext	960394	I_overlay_meta_leak	0.0052	0.0118	-0.0066	review
cc12m_llavanext_paired	ours_cc12m	ref_cc12m_llavanext	960394	J_meta_statement	0.0187	0.0022	0.0165	yes
cc12m_llavanext_paired	ours_cc12m	ref_cc12m_llavanext	960394	M_numbered_list_leak	0.0	0.0003	-0.0003	yes
cc12m_pixelprose_paired	ours_cc12m	ref_pixelprose_cc12m	729237	D_markdown_leak	0.0	0.0032	-0.0032	yes
cc12m_pixelprose_paired	ours_cc12m	ref_pixelprose_cc12m	729237	E_thinking_leak	0.0001	0.0002	-0.0001	yes
cc12m_pixelprose_paired	ours_cc12m	ref_pixelprose_cc12m	729237	I_overlay_meta_leak	0.0053	0.0026	0.0027	review
cc12m_pixelprose_paired	ours_cc12m	ref_pixelprose_cc12m	729237	J_meta_statement	0.0186	1.0	-0.9814	yes
cc12m_pixelprose_paired	ours_cc12m	ref_pixelprose_cc12m	729237	M_numbered_list_leak	0.0	0.0013	-0.0013	yes
cc12m_qwen3vl8b_paired	ours_cc12m	ref_cc12m_qwen3vl8b	114621	I_overlay_meta_leak	0.0037	0.0002	0.0035	review
cc12m_qwen3vl8b_paired	ours_cc12m	ref_cc12m_qwen3vl8b	114621	J_meta_statement	0.0139	0.0	0.0139	yes
danbooru2023_florence2_paired	ours_danbooru2023	ref_danbooru_florence2	999993	D_markdown_leak	0.0012	0.0	0.0012	yes
danbooru2023_florence2_paired	ours_danbooru2023	ref_danbooru_florence2	999993	E_thinking_leak	0.0001	0.0	0.0001	yes
danbooru2023_florence2_paired	ours_danbooru2023	ref_danbooru_florence2	999993	I_overlay_meta_leak	0.0006	0.0	0.0006	review
danbooru2023_florence2_paired	ours_danbooru2023	ref_danbooru_florence2	999993	J_meta_statement	0.0199	0.7729	-0.753	yes
datacomp_recap_llava15_paired_url	ours_datacomp_forward	ref_datacomp_recap_llava15_llama3_8b	1000000	E_thinking_leak	0.0001	0.0002	-0.0001	yes
datacomp_recap_llava15_paired_url	ours_datacomp_forward	ref_datacomp_recap_llava15_llama3_8b	1000000	F_repetition	0.0	0.0004	-0.0004	review
datacomp_recap_llava15_paired_url	ours_datacomp_forward	ref_datacomp_recap_llava15_llama3_8b	1000000	I_overlay_meta_leak	0.0079	0.0084	-0.0005	review
datacomp_recap_llava15_paired_url	ours_datacomp_forward	ref_datacomp_recap_llava15_llama3_8b	1000000	J_meta_statement	0.02	0.0036	0.0164	yes
datacomp_recap_llava15_paired_url	ours_datacomp_forward	ref_datacomp_recap_llava15_llama3_8b	1000000	L_tag_verbatim	0.0001	0.0	0.0001	review
laion_pop_llama32_paired	ours_laion_pop	ref_laion_pop_llama32_11b	351384	D_markdown_leak	0.0	0.0237	-0.0237	yes
laion_pop_llama32_paired	ours_laion_pop	ref_laion_pop_llama32_11b	351384	G_meta_instruction	0.0	0.0001	-0.0001	yes
laion_pop_llama32_paired	ours_laion_pop	ref_laion_pop_llama32_11b	351384	I_overlay_meta_leak	0.0041	0.0025	0.0016	review
laion_pop_llama32_paired	ours_laion_pop	ref_laion_pop_llama32_11b	351384	J_meta_statement	0.0124	0.0041	0.0083	yes
pd12m_full_paired	ours_pd12m_img2dataset	ref_pd12m_full	1000000	I_overlay_meta_leak	0.001	0.0	0.001	review
pd12m_full_paired	ours_pd12m_img2dataset	ref_pd12m_full	1000000	J_meta_statement	0.0227	0.9998	-0.9771	yes
