surface,label,captions,cbu_cap,cbu_100tok,dup_row,object_cap,attribute_cap,relation_cap,style_cap,camera_cap,lighting_cap,count_cap,text_rendering_cap
cc12m_llavanext_paired__ours_cc12m,CC12M/Ours vs LLaVA-NeXT,4874,15.041649569142388,22.877426199837732,0.0016413623307345096,4.298522773902339,6.580426754205991,2.5888387361510055,0.25851456709068527,0.22404595814526057,0.3459171112022979,0.4708658186294625,0.2745178498153467
cc12m_llavanext_paired__ref_cc12m_llavanext,CC12M/LLaVA-NeXT,4832,10.586299668874172,20.342157693179512,0.0035182119205298015,3.7547599337748343,3.5384933774834435,1.7119205298013245,0.5428394039735099,0.13927980132450332,0.1490066225165563,0.35513245033112584,0.39486754966887416
cc12m_pixelprose_paired__ours_cc12m,CC12M/Ours vs PixelProse,4851,14.903318903318903,22.672633589342333,0.00041228612657184083,4.211296639868069,6.548958977530406,2.549577406720264,0.27231498660070086,0.23232323232323232,0.3438466295609153,0.4813440527726242,0.2636569779426922
cc12m_pixelprose_paired__ref_pixelprose_cc12m,CC12M/PixelProse,4874,11.973943372999589,19.893580033132675,0.005334427574887156,3.8738202708247846,3.8153467377923675,2.540623717685679,0.4185473943373,0.13089864587607714,0.0734509643003693,0.794009027492819,0.32724661469019284
cc12m_qwen3vl8b_paired__ours_cc12m,CC12M/Ours vs Qwen3-VL-8B,4971,15.103399718366527,22.98503258909574,0.001408167370750352,4.518004425668879,6.555823777911889,2.627439147052907,0.27016696841681753,0.2055924361295514,0.39026352846509754,0.45463689398511364,0.08147254073627037
cc12m_qwen3vl8b_paired__ref_cc12m_qwen3vl8b,CC12M/Qwen3-VL-8B,4999,6.493098619723945,55.98406319529485,0.000600120024004801,2.995799159831966,1.5659131826365273,1.5679135827165434,0.11502300460092019,0.015403080616123225,0.08621724344868974,0.13522704540908181,0.011602320464092819
danbooru2023_florence2_paired__ours_danbooru2023,Danbooru/Ours,4995,14.325325325325325,21.97641884649523,0.0,3.8724724724724724,6.966366366366366,2.536136136136136,0.3747747747747748,0.22702702702702704,0.11571571571571572,0.2032032032032032,0.02962962962962963
danbooru2023_florence2_paired__ref_danbooru_florence2,Danbooru/Florence2,4979,8.184374372363928,19.25657795251777,0.001004217714400482,3.0321349668608155,2.4661578630247036,1.5631652942357903,0.5987146013255674,0.006025306286402892,0.03293834103233581,0.1899979915645712,0.29524000803374173
datacomp_recap_llava15_paired_url__ours_datacomp_forward,DataComp/Ours,4848,14.451320132013201,21.994788559947256,0.0008250825082508251,3.8803630363036303,6.445957095709571,2.3116749174917492,0.24711221122112212,0.26485148514851486,0.34385313531353134,0.511963696369637,0.44554455445544555
datacomp_recap_llava15_paired_url__ref_datacomp_recap_llava15_llama3_8b,DataComp/LLaVA1.5-Llama3,5000,10.4414,22.070735254329005,0.0072,3.6,3.5036,1.8032,0.315,0.1404,0.0958,0.3536,0.6298
laion_pop_llama32_paired__ours_laion_pop,LAION-pop/Ours,4964,14.81809024979855,22.521976356471658,0.0012087026591458502,4.014302981466559,6.941780821917808,2.421232876712329,0.3058017727639001,0.2639000805801773,0.40370668815471394,0.36583400483481066,0.10153102336825141
laion_pop_llama32_paired__ref_laion_pop_llama32_11b,LAION-pop/Llama3.2-11B,4947,11.909642207398424,18.396730136327587,0.0028299979785728724,3.5611481706084493,4.942793612290277,1.9140893470790379,0.5712553062462098,0.34242975540731757,0.11663634525975339,0.3393976147159895,0.12189205579138872
pd12m_full_paired__ours_pd12m_img2dataset,PD12M/Ours,4958,15.017144009681322,22.863644180219133,0.0014118596208148447,4.166397741024607,6.718636546994756,2.580072609923356,0.3100040338846309,0.22166196046793063,0.2989108511496571,0.5350947962888262,0.1863654699475595
pd12m_full_paired__ref_pd12m_full,PD12M/ref full,4992,9.779246794871796,24.892029839026307,0.001201923076923077,4.379607371794871,2.020232371794872,2.371794871794872,0.4238782051282051,0.10616987179487179,0.030448717948717948,0.24739583333333334,0.1997195512820513
