source,surface,label,responses,questions,supported_cap,unsupported_cap,support,risk,uncertain
cc12m_qwen,ours_cc12m,Ours,4467,68019,14.59592567718827,0.46384598164316093,0.9585556976727091,0.03046207677266646,0.010982225554624444
cc12m_qwen,ref_cc12m_qwen3vl8b,Qwen3-VL-8B,4490,28911,6.3122494432071266,0.08775055679287305,0.9803189097575318,0.01362803085330843,0.006053059389159835
cc12m_qwen,ref_cc12m_llavanext,LLaVA-NeXT,4453,48092,9.842128901863912,0.7442173815405345,0.911315811361557,0.06890958995259086,0.019774598685852116
cc12m_qwen,ref_pixelprose_cc12m,PixelProse,4449,56043,10.730051697010564,1.623286131714992,0.8518102171546847,0.12886533554592008,0.019324447299395107
datacomp_qwen,datacomp_recap_llava15_paired_url__ours_datacomp_forward,Ours DataComp,4648,67724,13.839285714285714,0.5094664371772806,0.9498109975784065,0.03496544799480243,0.015223554426791094
datacomp_qwen,datacomp_recap_llava15_paired_url__ref_datacomp_recap_llava15_llama3_8b,Ref DataComp LLaVA1.5/Llama3,4995,52194,8.495895895895895,1.8472472472472472,0.8130628041537341,0.17678277196612638,0.01015442388013948
noncc12m_qwen,danbooru2023_florence2_paired__ours_danbooru2023,Ours Danbooru,4993,71491,12.731824554376127,0.8343681153615061,0.8892028367207061,0.05827306933739911,0.052524093941894785
noncc12m_qwen,danbooru2023_florence2_paired__ref_danbooru_florence2,Ref Danbooru Florence2,4969,40755,6.379955725498088,1.7832561883678808,0.777867746288799,0.21742117531591215,0.004711078395288922
noncc12m_qwen,laion_pop_llama32_paired__ours_laion_pop,Ours LAION-pop,4964,73489,14.21676067687349,0.45447219983883963,0.9603069847188015,0.030698471880145326,0.008994543401053219
noncc12m_qwen,laion_pop_llama32_paired__ref_laion_pop_llama32_11b,Ref LAION-pop Llama3.2,4947,58903,10.79725085910653,0.9189407721851627,0.9068128957778042,0.07717773288287523,0.016009371339320577
noncc12m_qwen,pd12m_full_paired__ours_pd12m_img2dataset,Ours PD12M,4957,74392,14.289086140810975,0.5045390357070809,0.9521319496720078,0.033619206366275946,0.014248843961716313
noncc12m_qwen,pd12m_full_paired__ref_pd12m_full,Ref PD12M full,4989,48825,8.605532170775707,1.008819402685909,0.8793241167434716,0.10308243727598566,0.017593445980542754
cc12m_gemma,ours_cc12m,Ours,4467,68019,13.823371390194762,1.011193194537721,0.9078198738587747,0.06640791543539305,0.025772210705832195
cc12m_gemma,ref_cc12m_qwen3vl8b,Qwen3-VL-8B,4490,28911,6.194432071269488,0.1821826280623608,0.9620213759468714,0.02829372903047283,0.009684895022655737
cc12m_gemma,ref_cc12m_llavanext,LLaVA-NeXT,4453,48092,9.439029867505052,1.0442398383112508,0.8739915162605008,0.09668967811694253,0.029318805622556766
cc12m_gemma,ref_pixelprose_cc12m,PixelProse,4449,56043,10.195999100921556,2.02202742189256,0.8094141998108595,0.16051960102064486,0.03006619916849562
